-- phpMyAdmin SQL Dump
-- version 3.3.3
-- http://www.phpmyadmin.net
--
-- 主机: 192.168.0.230
-- 生成日期: 2016 年 01 月 10 日 18:58
-- 服务器版本: 5.5.28
-- PHP 版本: 5.5.27

SET SQL_MODE="NO_AUTO_VALUE_ON_ZERO";


/*!40101 SET @OLD_CHARACTER_SET_CLIENT=@@CHARACTER_SET_CLIENT */;
/*!40101 SET @OLD_CHARACTER_SET_RESULTS=@@CHARACTER_SET_RESULTS */;
/*!40101 SET @OLD_COLLATION_CONNECTION=@@COLLATION_CONNECTION */;
/*!40101 SET NAMES utf8 */;

--
-- 数据库: `platform`
--

-- --------------------------------------------------------

--
-- 表的结构 `api`
--

CREATE TABLE IF NOT EXISTS `api` (
  `id` int(10) NOT NULL AUTO_INCREMENT,
  `module_id` int(10) NOT NULL,
  `name` varchar(300) NOT NULL,
  `route` varchar(200) NOT NULL,
  `type` tinyint(1) unsigned NOT NULL COMMENT '0 get  1post 2 put 3 delete',
  `is_cache` tinyint(1) unsigned NOT NULL DEFAULT '0' COMMENT '是否缓存',
  `cache_name` varchar(200) NOT NULL DEFAULT '' COMMENT '不指定则为route名，如果后面有参数则_分割',
  `cache_time` int(10) unsigned NOT NULL DEFAULT '0' COMMENT '0则无过期时间',
  `is_list_cache` tinyint(1) unsigned NOT NULL DEFAULT '0' COMMENT '当为1时，该接口所有数据放入同一个数组中，根据key取，否则每个都有独立name',
  `ctime` int(10) NOT NULL,
  `is_delete` tinyint(1) NOT NULL DEFAULT '0',
  PRIMARY KEY (`id`),
  KEY `route` (`route`,`type`,`is_delete`),
  KEY `ctime` (`ctime`)
) ENGINE=InnoDB  DEFAULT CHARSET=utf8 AUTO_INCREMENT=7 ;

--
-- 转存表中的数据 `api`
--

INSERT INTO `api` (`id`, `module_id`, `name`, `route`, `type`, `is_cache`, `cache_name`, `cache_time`, `is_list_cache`, `ctime`, `is_delete`) VALUES
(1, 1, '详情', '/dict/detail', 0, 0, '', 900, 0, 1443076051, 0),
(2, 1, '列表', '/dict/list', 0, 0, '', 900, 0, 1443076073, 0),
(3, 1, '更新', '/dict/update', 1, 0, '', 900, 0, 1443076094, 0),
(4, 1, '删除', '/dict/delete', 1, 0, '', 900, 0, 1443076105, 0),
(5, 1, '创建', '/dict/create', 1, 0, '', 900, 0, 1443076114, 0),
(6, 2, '执行操作', '/model/arouse', 1, 0, '', 900, 0, 1443076396, 0);

-- --------------------------------------------------------

--
-- 表的结构 `api_phone`
--

CREATE TABLE IF NOT EXISTS `api_phone` (
  `id` int(10) NOT NULL AUTO_INCREMENT,
  `module_id` int(10) NOT NULL,
  `name` varchar(300) NOT NULL,
  `route` varchar(200) NOT NULL,
  `type` tinyint(1) unsigned NOT NULL COMMENT '0 get  1post 2 put 3 delete',
  `ctime` int(10) NOT NULL,
  `is_delete` tinyint(1) NOT NULL DEFAULT '0',
  PRIMARY KEY (`id`)
) ENGINE=InnoDB  DEFAULT CHARSET=utf8 AUTO_INCREMENT=327 ;

--
-- 转存表中的数据 `api_phone`
--

INSERT INTO `api_phone` (`id`, `module_id`, `name`, `route`, `type`, `ctime`, `is_delete`) VALUES
(1, 2, '用户登入', '/b/user/login', 1, 1403070604, 0),
(2, 2, '测试', '/b/user/test', 0, 1403160553, 0),
(3, 1, '用户登入[done]', '/c_user/login', 1, 1403166293, 0),
(4, 1, '用户注册 [done]', '/c_user/reg', 1, 1403166342, 0),
(5, 2, '用户登出', '/b/user/logout', 0, 1403235306, 0),
(6, 3, '需求详情', '/b/jrd/requirementdetail', 1, 1403236675, 1),
(7, 6, '消息圈动态', '/b/jrd/messagelist', 0, 1403589285, 0),
(8, 6, '附近的金融需求', '/b/jrd/requirement', 1, 1403589336, 0),
(9, 6, '附近的用户', '/b/jrd/userlist', 0, 1403589376, 0),
(10, 6, '金融需求详情', '/b/jrd/requirementdetail', 1, 1403589401, 0),
(11, 6, '加关注', '/b/jrd/attentionadd', 1, 1403589621, 0),
(12, 6, '取消关注', '/b/jrd/attentioncancel', 1, 1403589635, 0),
(13, 6, '推荐产品服务', '/b/jrd/recommondservice', 1, 1403589655, 0),
(14, 6, '提供方案', '/b/jrd/demandsolve', 1, 1403589672, 0),
(15, 6, '方案详情', '/b/jrd/requiredetail', 1, 1403589715, 0),
(16, 6, '我的方案', '/b/jrd/requirelist', 1, 1403589731, 0),
(17, 6, '感兴趣的金融需求', '/b/jrd/interestrequirement', 1, 1403589976, 0),
(18, 3, '我的主页', '/b/home/index', 1, 1403593828, 0),
(19, 4, '找客户首页', '/b/find/index', 1, 1404715282, 0),
(20, 5, '预约状态修改', '/b/attention/changestatus', 1, 1404807858, 0),
(21, 5, '咨询列表', '/b/attention/consultation', 1, 1404809234, 0),
(22, 5, '咨询详情', '/b/attention/replylist', 0, 1404811293, 0),
(23, 5, '预约列表', '/b/attention/reservation', 1, 1404868640, 0),
(24, 5, '预约列表', '/b/attention/reservation', 0, 1404868649, 1),
(25, 5, '预约列表', '/b/attention/reservation', 0, 1404868652, 1),
(26, 5, '预约详情', '/b/attention/reservedetail', 1, 1404869177, 0),
(27, 5, '接受线上预约', ' /b/attention/waiton', 1, 1404869300, 1),
(28, 5, '消息首页', '/b/attention/index', 1, 1404869537, 0),
(29, 5, '我的私信', '/b/attention/message', 1, 1404869780, 0),
(30, 5, '金融服务需求', ' /b/attention/requirement', 1, 1404870721, 0),
(31, 5, '金融服务需求详情(done)', '/b/attention/000000', 0, 1404871117, 1),
(32, 5, '私信详情', '/b/attention/messagedetail', 1, 1404876795, 0),
(33, 5, '接受线上预约确认', '/b/attention/ok', 1, 1404962276, 1),
(34, 5, '发私信', '/b/attention/messageadd', 1, 1405328368, 0),
(35, 5, '回复私信', '/b/attention/messagereply', 1, 1405328479, 0),
(36, 5, '回复咨询', '/b/attention/reply', 1, 1405912614, 0),
(37, 4, '搜索结果集', '/b/find/searchresult', 0, 1406021615, 0),
(38, 4, '群发私信', '/b/find/sendmsg', 0, 1406173914, 0),
(39, 4, '个人空间页', '/b/find/user', 0, 1406195716, 0),
(40, 4, '清除搜索记录', ' /b/find/clearnsearch', 1, 1406699597, 0),
(41, 5, '线上预约核实 产品服务修改', '/b/attention/updatereserveok', 1, 1407146288, 0),
(42, 5, '接受线上预约  网点地址修改', '/b/attention/updateaddress', 1, 1407156450, 0),
(43, 4, '个人详情页', ' /b/find/userinfo', 1, 1407295959, 0),
(44, 4, '用户感兴趣的', '/b/find/interest', 1, 1407296692, 0),
(45, 4, '财富需求页', '/b/find/requirement', 0, 1407314807, 0),
(46, 4, '粉丝页', '/b/find/follower', 0, 1407320194, 0),
(47, 4, '关注页', '/b/find/following', 0, 1407320218, 0),
(48, 4, '个人空间新鲜事', ' /b/find/newsfeed', 1, 1407399255, 1),
(49, 4, '个人空间新鲜事', '/b/find/newsfeed', 1, 1407399287, 0),
(50, 4, '加关注', ' /b/find/attentionadd', 1, 1407463009, 0),
(51, 4, '取消关注', ' /b/find/attentioncancel', 1, 1407463031, 0),
(52, 6, '上传图片', '/b/jrd/uploadpic', 1, 1409825359, 0),
(53, 2, 'isavailable', '/b/user/isavailable', 0, 1410938551, 0),
(54, 2, 'sourcelog', '/b/user/sourcelog', 0, 1411539619, 0),
(55, 6, 'useranddemand', '/b/jrd/useranddemand', 0, 1412735655, 0),
(56, 3, 'mytask', ' /b/home/mytask', 0, 1412910362, 0),
(57, 3, 'myservicelist', '/b/home/myservicelist', 0, 1414737454, 0),
(58, 9, '获取周边机构列表', '/c/nearby/getorglist', 0, 1422846426, 1),
(59, 10, 'Home', 'b/home/mydetail', 0, 1422860065, 1),
(60, 10, 'Home', '/c/home/mydetail', 1, 1422860166, 0),
(61, 9, '获取周边顾问列表', '/c/nearby/getconsultantlist', 0, 1422860737, 1),
(62, 9, '获取周边产品服务列表', '/c/nearby/getservicelist', 0, 1422934476, 1),
(63, 10, '编辑基本信息', '/c/home/editbaseinfo', 1, 1422943863, 0),
(64, 1, '用户登出[done]', '/c_user/logout', 0, 1422946287, 0),
(65, 1, '当前版本是否可用', '/c_user/isavailable', 0, 1423115227, 1),
(66, 1, '登陆记录', '/c_user/sourcelog', 0, 1423115250, 1),
(67, 1, '发送验证码/重置密码[done]', '/c_user/sendsms', 1, 1423126414, 0),
(68, 1, '修改密码[done][需登录]', '/c_user/editpwd', 1, 1423126440, 0),
(69, 10, '上传头像', '/c/home/uploadpic', 1, 1423553147, 0),
(70, 10, '修改信息', '/c/home/editinfo', 1, 1423720199, 0),
(71, 10, '修改密码', '/c/home/editpassword', 1, 1423720220, 0),
(72, 10, '手机绑定', '/c/home/phonebind', 1, 1423720238, 0),
(73, 10, '手机解绑', '/c/home/phonedisbind', 1, 1423720253, 0),
(74, 10, '邮箱绑定', '/c/home/mailbind', 1, 1423720267, 0),
(75, 10, '我的私信列表', '/c/home/message', 0, 1423977411, 0),
(76, 10, '私信详情', '/c/home/messagedetail', 0, 1423977442, 0),
(77, 9, '获取默认的坐标（当定位不到坐标的时候使用）', '/c/nearby/getdefaultpt', 0, 1427100897, 1),
(78, 10, '私信详情', '/c/home/messagedetail', 0, 1427940218, 1),
(79, 11, '生成订单[需登入]', '/c_order/create', 1, 1428376059, 0),
(80, 11, '订单列表[需登入]', '/c_order/list', 0, 1428376077, 0),
(81, 11, '订单取消[需登入]', '/c_order/cancle', 1, 1428376087, 0),
(82, 11, '订单删除', '/c_order/delete', 1, 1428376099, 1),
(83, 12, '加关注', '/c/relation/addattion', 1, 1428572283, 1),
(84, 13, '首页', '/c/index/index', 0, 1429671697, 0),
(85, 14, '品牌列表', '/c/org/brandlist', 0, 1429694208, 1),
(86, 15, '活动列表', '/actvity/actlist', 0, 1429840466, 0),
(87, 15, '活动详情', '/actvity/actdetail', 0, 1429840478, 0),
(88, 12, '加收藏', '/c/relation/addcollection', 1, 1430982710, 1),
(89, 12, '取消收藏', '/c/relation/cancelcollection', 1, 1430982725, 1),
(90, 12, '产品服务咨询', '/c/relation/spaceconsulant', 0, 1431075663, 1),
(91, 12, '产品服务预约', '/c/relation/spacesubscribe', 0, 1431075680, 1),
(92, 12, '顾问预约', '/c/relation/constsubscribe', 1, 1431075699, 1),
(93, 12, '顾问咨询', '/c/relation/constconsulant', 1, 1431075719, 1),
(94, 13, '搜索', '/c/index/search', 0, 1431481650, 0),
(95, 10, '我的咨询', '/c/home/zixun', 0, 1431510715, 0),
(96, 10, '我的预约', '/c/home/yuyue', 0, 1431510756, 0),
(97, 14, '商品列表[done]', '/c_sku/list', 0, 1437619418, 0),
(98, 12, '一级分类列表', '/c_common/categorylist', 0, 1437619924, 1),
(99, 16, '一级列表[done]', '/c_category/top', 0, 1437620280, 0),
(100, 16, '子分类列表[done]', '/c_category/sub', 0, 1437620310, 0),
(101, 16, '首页热销', 'c_category/hot', 0, 1437620344, 1),
(102, 14, '热销', '/c_sku/hot', 0, 1437620690, 1),
(103, 14, '常用', '/c_sku/common', 0, 1437620821, 1),
(104, 14, '新品', '/c_sku/new', 0, 1437620858, 1),
(105, 14, '打折', '/c_sku/discount', 0, 1437621004, 1),
(106, 12, '城市列表', '/c_common/citylist', 0, 1437621375, 0),
(107, 11, '订单详情[需登入]', '/c_order/detail', 0, 1437621968, 0),
(108, 14, '单品详情[done]', '/c_sku/detail', 0, 1437622030, 0),
(109, 12, '地区列表', '/c_common/regionlist', 1, 1437626823, 0),
(110, 17, '店铺创建(需登入)[done]', '/c_shop/create', 1, 1437627507, 0),
(111, 17, '商铺删除', '/c_shop/delete', 1, 1437627544, 1),
(112, 17, '店铺详情', '/c_shop/detail', 0, 1437627596, 0),
(113, 17, '店铺修改(需登入,修改基本信息)[done]', '/c_shop/update', 1, 1437627636, 0),
(114, 14, '收藏商品[done][需登入]', '/c_sku/addfavor', 1, 1437627659, 0),
(115, 14, '取消收藏[done][需登入]', '/c_sku/delfavor', 1, 1437627880, 0),
(116, 14, '收藏商品列表[done][需登入]', '/c_sku/listfavor', 0, 1437628208, 0),
(117, 9, '首页活动列表[done]', '/c_city/activitylist', 0, 1437633332, 0),
(118, 17, '店铺列表(需登入)[done]', '/c_shop/list', 0, 1437643361, 0),
(119, 14, '常用[done]', '/c_sku/common', 0, 1437646906, 0),
(120, 18, '/c_promotion/list', '促销列表', 0, 1437701736, 0),
(121, 19, '城市列表[done]', '/c_common/citylist', 0, 1437706243, 0),
(122, 19, '地区列表[done]', '/c_common/regionlist', 0, 1437706621, 0),
(123, 1, '完善用户资料[done][需登录]', '/c_user/perfect', 1, 1437707159, 0),
(124, 1, '找回密码[done]', '/c_user/findpwd', 1, 1437753094, 1),
(125, 1, '找回密码', '/c_user/findpwd', 1, 1437753095, 1),
(126, 1, '找回密码', '/c_user/findpwd', 1, 1437753098, 1),
(127, 1, '找回密码', '/c_user/findpwd', 1, 1437753098, 1),
(128, 20, '获取字典列表', '/dict/list', 0, 1437795659, 0),
(129, 20, '获取字典详情', '/dict/detail', 0, 1437795710, 0),
(130, 20, '创建字段', '/dict/create', 1, 1437795737, 0),
(131, 20, '更新字段', '/dict/update', 1, 1437795753, 0),
(132, 20, '删除字段', '/dict/delete', 1, 1437795761, 0),
(133, 11, '删除订单[需登入]', '/c_order/delete', 1, 1437982054, 0),
(134, 14, '搜索商品[done]', '/c_sku/search', 0, 1437989675, 0),
(135, 14, '热门搜索关键词', '/c_sku/hotsearch', 0, 1438062207, 0),
(136, 11, '订单余额支付[需登录]', '/c_order/pay', 1, 1438320425, 1),
(137, 17, '店铺删除(需登入)[done]', '/c_shop/delete', 1, 1438326613, 0),
(138, 11, '确认收货或拒绝收货[需登录]', '/c_order/receive', 1, 1438584125, 0),
(139, 11, '极光推送', '/c_order/jpush', 0, 1438741138, 1),
(140, 1, '获取用户信息', '/c_user/getuserinfo', 0, 1438765474, 0),
(141, 17, '店铺修改默认', '/c_shop/updatedefault', 1, 1438849747, 1),
(142, 1, '用户收支记录[需登录]', '/c_user/income', 0, 1438921288, 0),
(143, 21, '消息列表[需登录]', '/c_message/list', 0, 1438930355, 0),
(144, 11, '订单评分[需登入]', '/c_order/score', 1, 1439188604, 0),
(145, 11, '获取订单评分[需登入]', '/c_order/getscore', 0, 1439192535, 0),
(146, 21, '获取未读数[需登录]', '/c_message/count', 0, 1439270280, 0),
(147, 11, '争议创建[需登入]', '/c_order/troversy', 1, 1439366239, 0),
(148, 11, '用户争议列表[需登入]', '/c_order/usertroversy', 0, 1440043133, 0),
(149, 11, '同意配销商争议', '/c_order/agree', 1, 1440057097, 0),
(150, 11, '用户拒绝争议', '/c_order/refused', 1, 1440060409, 0),
(151, 11, '用户拒绝争议', '/c_order/refused', 1, 1440060665, 1),
(152, 22, '下订单二级处理', '/native/dealorder', 1, 1440490099, 0),
(153, 23, '子分类列表[done]', '/y_category/sub', 0, 1440571167, 0),
(154, 23, '一级列表[done]', '/y_category/top', 0, 1440571189, 0),
(155, 24, '获取未读数[需登录]', '/y_message/count', 0, 1440571560, 0),
(156, 24, '消息列表[需登录]', '/y_message/list', 0, 1440571576, 0),
(157, 25, '订单详情[需登入]', '/y_order/detail', 0, 1440571962, 0),
(158, 25, '订单评分[需登入]', '/y_order/score', 1, 1440571993, 0),
(159, 25, '订单取消[需登入]', '/y_order/cancle', 1, 1440572020, 0),
(160, 25, '订单列表[需登入]', '/y_order/list', 0, 1440572052, 0),
(161, 25, '获取订单评分[需登入]', '/y_order/getscore', 0, 1440572083, 0),
(162, 25, '确认收货或拒绝收货[需登录]', '/y_order/receive', 1, 1440572116, 0),
(163, 25, '用户拒绝争议', '/y_order/refused', 1, 1440572151, 0),
(164, 25, '用户争议列表[需登入]', '/y_order/usertroversy', 0, 1440572174, 0),
(165, 25, '生成订单[需登入]', '/y_order/create', 1, 1440572258, 0),
(166, 25, '同意配销商争议', '/y_order/agree', 1, 1440572282, 0),
(167, 25, '删除订单[需登入]', '/y_order/delete', 1, 1440572313, 0),
(168, 25, '创建争议[需登入]', '/y_order/troversy', 1, 1440572334, 0),
(169, 26, '店铺详情', '/y_shop/detail', 0, 1440573600, 0),
(170, 26, '店铺删除(需登入)[done]', '/y_shop/delete', 1, 1440573627, 0),
(171, 26, '店铺创建(需登入)[done]', '/y_shop/create', 1, 1440573659, 0),
(172, 26, '店铺列表(需登入)[done]', '/y_shop/list', 0, 1440573683, 0),
(173, 26, '店铺修改默认', '/y_shop/updatedefault', 1, 1440574013, 0),
(174, 26, '店铺修改(需登入,修改基本信息)[done]', '/y_shop/update', 1, 1440574137, 0),
(175, 27, '热门搜索关键词', '/y_sku/hotsearch', 0, 1440575485, 0),
(176, 27, '收藏商品列表[done][需登入]', '/y_sku/listfavor', 0, 1440575579, 0),
(177, 27, '收藏商品[done][需登入]', '/y_sku/addfavor', 1, 1440575605, 0),
(178, 27, '搜索商品[done]', '/y_sku/search', 0, 1440575635, 0),
(179, 27, '常用[done]', '/y_sku/common', 0, 1440575653, 0),
(180, 27, '商品列表[done]', '/y_sku/list', 0, 1440575669, 0),
(181, 27, '取消收藏[done][需登入]', '/y_sku/delfavor', 1, 1440575692, 0),
(182, 27, '单品详情[done]', '/y_sku/detail', 0, 1440575711, 0),
(183, 28, '获取用户信息', '/y_user/getuserinfo', 0, 1440657799, 0),
(184, 28, '用户登出[done]', '/y_user/logout', 0, 1440657816, 0),
(185, 28, '用户登入[done]', '/y_user/login', 1, 1440657849, 0),
(186, 28, '用户注册 [done]', '/y_user/reg', 1, 1440657865, 1),
(187, 28, '用户收支记录[需登录]', '/y_user/income', 0, 1440657882, 0),
(188, 28, '完善用户资料[done][需登录]', '/y_user/perfect', 1, 1440657902, 0),
(189, 28, '重置密码[done]', '/y_user/sendsms', 1, 1440657917, 0),
(190, 28, '修改密码[done][需登录]', '/y_user/editpwd', 1, 1440657934, 0),
(191, 23, '获取分类详情', '/y_category/categoryInfo', 0, 1441093490, 0),
(192, 27, 'shop_id', '店铺Id', 0, 1441533806, 1),
(193, 25, '交易密码验证', '/y_order/validate', 1, 1441620562, 0),
(194, 1, '用户充值', '/c_user/addRecharge', 1, 1441693757, 0),
(195, 1, '历史交易列表', '/c_user/getrechargelist', 0, 1441694092, 0),
(196, 28, '用户充值', '/y_user/addRecharge', 1, 1441700477, 0),
(197, 28, '历史交易列表', '/y_user/getrechargelist', 0, 1441700500, 0),
(198, 29, '重置密码[done]', '/b_user/sendsms', 1, 1441769982, 0),
(199, 29, '获取用户信息', '/b_user/getuserinfo', 1, 1441770033, 0),
(200, 29, '用户登出[done]', '/b_user/logout', 0, 1441770161, 0),
(201, 29, '用户登入[done]', '/b_user/login', 1, 1441770183, 0),
(202, 29, '修改密码[done][需登录]', '/b_user/editpwd', 1, 1441770734, 0),
(203, 30, '子分类列表[done]', '/b_category/sub', 0, 1441782469, 0),
(204, 30, '一级列表[done]', '/b_category/top', 0, 1441782488, 0),
(205, 31, '商品列表[done]', '/b_sku/list', 0, 1441796005, 1),
(206, 31, '商品详情', '/b_sku/detail', 0, 1441796493, 1),
(207, 31, '设置SKU价格', '/b_sku/setpricebysku', 1, 1441796707, 1),
(208, 32, '获取未读数[需登录]', '/b_message/count', 0, 1441954737, 0),
(209, 32, '', '', 0, 1441954815, 1),
(210, 32, '', '', 0, 1441954815, 1),
(211, 32, '消息列表[需登录]', '/b_message/list', 0, 1441954838, 0),
(212, 27, '刷新商品', '/y_sku/refreshSku', 1, 1441961317, 0),
(213, 31, '添加商品', '/b_sku/create', 1, 1442128710, 1),
(214, 31, '修改商品', '/b_sku/update', 1, 1442129885, 0),
(215, 31, '导入公共商品库', '/b_sku/copy', 1, 1442131355, 1),
(216, 31, '商品搜索', '/b_sku/search', 0, 1442132880, 1),
(217, 31, '店铺列表', '/b_sku/shoplist', 0, 1442133587, 1),
(218, 29, '提现', '/b_user/withdraw', 1, 1442212824, 0),
(219, 29, '取现列表', '/b_user/getMoneyList', 0, 1442213029, 0),
(220, 31, '商品下架', '/b_sku/down', 1, 1442217897, 1),
(221, 33, '店铺创建(需登入)[done]', '/b_shop/create', 1, 1442304514, 0),
(222, 34, '订单列表', '/b_order/list', 0, 1442306030, 0),
(223, 34, '订单详情', '/b_order/detail', 0, 1442308373, 0),
(224, 31, '常购列表', '/b_sku/commen', 0, 1442310353, 1),
(225, 33, '店铺列表', '/b_shop/list', 0, 1442375268, 0),
(226, 31, '定制商品价格', '/b_sku/setprice', 1, 1442468905, 1),
(227, 33, '修改客户信息', '/b_shop/update', 1, 1442469245, 0),
(228, 33, '店铺详情', '/b_shop/detail', 0, 1442469862, 0),
(229, 33, '删除店铺', '/b_shop/delete', 0, 1442470255, 0),
(230, 33, 'shop_id', '店铺id', 0, 1442470272, 1),
(231, 34, '实时采购单', '/b_order/purchase', 0, 1442472829, 0),
(232, 34, '采购单列表', '/b_order/purchaselist', 0, 1442474892, 1),
(233, 34, '更改订单状态', '/b_order/changeOrderStatus', 1, 1442560323, 0),
(234, 34, '订单搜索', '/b_order/search', 1, 1442561603, 0),
(235, 34, '创建订单', '/b_order/create', 1, 1442804790, 0),
(236, 34, '添加订单商品', '/b_order/addsku', 1, 1442807334, 0),
(237, 33, '店铺搜索', '/b_shop/search', 0, 1442823872, 0),
(238, 31, '整体打折', '/b_sku/changeprice', 1, 1442888166, 1),
(239, 31, '店铺商品价格', '/b_sku/shopprice', 0, 1442906376, 1),
(240, 34, '整体打折', '/b_order/changeprice', 1, 1442913846, 0),
(241, 33, '地区列表', '/b_shop/arealist', 0, 1442915865, 0),
(242, 31, '获取分类信息', '/b_sku/getDict', 0, 1442985009, 1),
(243, 29, '城市列表', '/b_user/getcitylist', 0, 1442997524, 0),
(244, 34, '删除商品', '/b_order/deletesku', 1, 1443067206, 0),
(245, 34, '更改商品数量和价格', '/b_order/changenumber', 1, 1443070928, 0),
(246, 31, '商品添加', '/b_sku/create', 1, 1443075890, 0),
(247, 31, '商品下架', '/b_sku/down', 1, 1443076591, 0),
(248, 31, '商品列表', '/b_sku/list', 0, 1443076658, 0),
(249, 31, '商品详情', '/b_sku/detail', 0, 1443077144, 0),
(250, 31, '设置sku价格，显示客户列表', '/b_sku/setpricebysku', 1, 1443077248, 0),
(251, 31, '导入商品', '/b_sku/copy', 1, 1443077348, 0),
(252, 31, '商品搜索', '/b_sku/search', 0, 1443077435, 0),
(253, 31, '常购商品', '/b_sku/commen', 0, 1443077859, 0),
(254, 31, '店铺商品价格', '/b_sku/shopprice', 0, 1443078027, 0),
(255, 31, '分类列表', '/b_sku/getDict', 0, 1443078229, 0),
(256, 31, 'sku商品列表', '/b_sku/skulist', 0, 1443083257, 0),
(257, 34, '更多订单', '/b_order/moreOrder', 1, 1443090215, 0),
(258, 34, '实时采购单分类', '/b_order/skuCategorylist', 0, 1443173298, 0),
(259, 34, '采购单搜索', '/b_order/searchpurchase', 1, 1443425496, 1),
(260, 14, '历史搜索记录', '/c_sku/hissearch', 0, 1443429181, 1),
(261, 34, '保存采购单', '/b_order/savepurchase', 1, 1443435714, 0),
(262, 34, '历史采购单', '/b_order/hispurchase', 1, 1443435865, 0),
(263, 34, '采购单详情', '/b_order/pdetail', 0, 1443503523, 0),
(264, 34, '订单商品添加', '/b_order/addsku', 1, 1443510104, 1),
(265, 33, '自助客户', '/b_shop/shoplist', 0, 1443511690, 0),
(266, 27, '历史搜索记录', '/y_sku/hissearch', 1, 1443578311, 0),
(267, 34, '配送单照片批量上传', '/b_order/uploadpic', 1, 1444294721, 0),
(268, 34, '历史采购单分类', '/b_order/hiscategory', 0, 1444629205, 0),
(269, 31, '店铺设置商品价格', '/b_sku/setprice', 1, 1444630689, 0),
(270, 30, '客户一级分类', '/b_category/shoptop', 0, 1444639328, 0),
(271, 31, '一客一价商品列表', '/b_sku/ykyjlist', 0, 1444640067, 0),
(272, 31, '一客一价搜索', '/b_sku/ykyjsearch', 0, 1444640823, 0),
(273, 34, '配销商拒绝争议', '/b_order/refused', 1, 1444642935, 0),
(274, 34, '配销商争议列表[需登入]', '/b_order/usertroversy', 0, 1444642973, 0),
(275, 34, '配销商同意用户争议', '/b_order/agree', 1, 1444643003, 0),
(276, 34, '争议创建[需登入]', '/b_order/troversy', 1, 1444643031, 1),
(277, 34, '', '', 1, 1444643949, 1),
(278, 25, '订单商品列表', '/y_order/orderskulist', 0, 1444795623, 0),
(279, 11, '订单商品列表', '/c_order/orderskulist', 0, 1444797765, 0),
(280, 11, '争议详情', '/c_order/troversydetail', 1, 1445235824, 1),
(281, 11, '争议列表', '/c_order/usertroversy', 0, 1445237528, 0),
(282, 11, '同意争议', '/c_order/agree', 1, 1445237593, 1),
(283, 11, '拒绝争议', '/c_order/refused', 1, 1445237685, 1),
(284, 11, '取消争议', '/c_order/cancel', 1, 1445312297, 0),
(285, 34, '取消争议', '/b_order/cancel', 1, 1445322667, 0),
(286, 25, '取消争议', '/y_order/cancel', 1, 1445322847, 0),
(287, 28, '冻结金额', '/y_user/freeze', 0, 1445853004, 0),
(288, 1, '冻结明细', '/c_user/freeze', 0, 1445853720, 0),
(289, 28, '更改合单状态', '/y_user/changesinglestatus', 1, 1445999797, 0),
(290, 1, '更改合单状态', '/c_user/changesinglestatus', 1, 1446000021, 0),
(291, 27, '分类信息列表', '/y_sku/getDict', 0, 1446451497, 0),
(292, 14, '分类信息列表', '/c_sku/getDict', 0, 1446451540, 0),
(293, 34, '采购单删除', '/b_order/delete', 1, 1446530921, 0),
(294, 14, '商品名称验证', '/c_sku/skunameverify', 1, 1446536480, 0),
(295, 29, '子账户创建', '/b_user/createuser', 1, 1446554241, 0),
(296, 29, '子账户修改', '/b_user/updateuser', 1, 1446554484, 0),
(297, 29, '子账户列表', '/b_user/userlist', 0, 1446603766, 0),
(298, 29, '子账户删除', '/b_user/deleteuser', 1, 1446604375, 0),
(299, 29, '权限列表', '/b_user/getrolelist', 0, 1447146217, 0),
(300, 34, '删除配送单图片', '/b_order/deletepic', 1, 1447213912, 0),
(301, 29, '日志列表', '/b_user/loglist', 1, 1448422340, 0),
(302, 29, '日志搜索', '/b_user/searchlog', 1, 1448422406, 0),
(303, 29, '删除日志', '/b_user/deletelog', 1, 1448423825, 0),
(304, 29, '获取版本号', '/b_user/getver', 1, 1448963068, 0),
(305, 31, '判断是否存在导入商品(status=1代表存在，status=2代表不存在)', '/b_sku/skulistindent', 0, 1449223464, 0),
(306, 30, '子分类列表[done](返回当前用户含有商品的二级分类)', '/b_category/skusub', 0, 1449223538, 0),
(307, 30, '一级列表[done](返回当前用户含有商品的一级分类)', '/b_category/skutop', 0, 1449223621, 0),
(308, 31, '上传商品图片(单张)', '/b_sku/deletepicurl', 1, 1449628191, 1),
(309, 31, '删除图片', '/b_sku/deletepicurl', 1, 1449630156, 1),
(310, 31, '删除图片（单张）', '/b_sku/deletepicurl', 1, 1449630170, 0),
(311, 11, '下单可用优惠券', '/c_order/couponlist', 1, 1449656966, 1),
(312, 35, '现金劵列表', '/c_coupon/list', 0, 1449657163, 0),
(313, 31, '上传图片（单张）', '/b_sku/uploadpicurl', 1, 1449657588, 0),
(314, 11, '下单可用优惠券', '/b_sku/couponlist', 1, 1449657936, 1),
(315, 35, '下单可用优惠券', '/c_coupon/couponlist', 1, 1449802041, 0),
(316, 14, '购物车商品验证', '/c_sku/shopskuverify', 1, 1450688064, 0),
(317, 14, '历史搜索列表', '/c_sku/hissearch', 1, 1450692205, 0),
(318, 14, '清空历史记录', '/c_sku/delhissearch', 1, 1450692242, 0),
(319, 27, '购物车商品验证', '/y_sku/shopskuverify', 1, 1450750305, 0),
(320, 14, '商品点击次数记录', '/c_sku/skuhit', 1, 1450750529, 0),
(321, 27, '商品点击次数记录', '/y_sku/skuhit', 1, 1450750648, 1),
(322, 27, '清空历史记录', '/y_sku/delhissearch', 1, 1450777012, 0),
(323, 36, '店铺列表(需登入)[done]', '/y_shop/list', 0, 1450852045, 0),
(324, 36, '店铺创建(需登入)[done]', '/c_shop/create', 1, 1450852165, 0),
(325, 36, '店铺修改(需登入,修改基本信息)[done]', '/c_shop/update', 1, 1450853035, 0),
(326, 36, '店铺删除(需登入)[done]', '/c_shop/delete', 1, 1450853268, 1);

-- --------------------------------------------------------

--
-- 表的结构 `console`
--

CREATE TABLE IF NOT EXISTS `console` (
  `id` int(10) unsigned NOT NULL AUTO_INCREMENT,
  `info` varchar(255) NOT NULL COMMENT '名称',
  `job_name` varchar(100) NOT NULL COMMENT '脚本名',
  `is_queue` tinyint(1) unsigned NOT NULL DEFAULT '0' COMMENT '脚本类型 是否队列',
  `controller` varchar(100) NOT NULL,
  `action` varchar(100) NOT NULL,
  `cron` varchar(255) NOT NULL DEFAULT '' COMMENT '跑脚本的时间',
  `last_run_time` int(10) unsigned NOT NULL DEFAULT '0' COMMENT '最新执行时间',
  `ctime` int(10) unsigned NOT NULL,
  `is_delete` tinyint(1) unsigned NOT NULL DEFAULT '0',
  PRIMARY KEY (`id`)
) ENGINE=InnoDB  DEFAULT CHARSET=utf8 AUTO_INCREMENT=29 ;

--
-- 转存表中的数据 `console`
--

INSERT INTO `console` (`id`, `info`, `job_name`, `is_queue`, `controller`, `action`, `cron`, `last_run_time`, `ctime`, `is_delete`) VALUES
(1, '顾问统计脚本', 'consultant_static', 0, 'static', 'consultant', '0 23 * * *', 0, 1417594280, 0),
(3, '手机短信队列', 'sms_queue', 1, 'queue', 'sms', '', 0, 1417680198, 0),
(4, '测试脚本', 'test_queue', 0, 'queue', 'test', '1 1 * * * ', 0, 1418021581, 0),
(5, '邮件队列', 'email_queue', 1, 'queue', 'email', '', 0, 1418033840, 0),
(6, '顾问未读信息邮件提醒', 'email_attention', 0, 'attention', 'email', '0 16 * * *', 0, 1418088800, 0),
(7, '顾问未读信息短信提醒', 'sms_attention', 0, 'attention', 'sms', '0 10 * * *', 0, 1418090859, 0),
(8, '顾问在线时长统计脚本', 'consultant_online_time_static ', 0, 'static', 'consultantonline', '30 23 * * *', 0, 1418091077, 0),
(9, '邮件队列', 'email_queue', 1, 'queue', 'email', '', 0, 1418091159, 1),
(10, '私信队列', 'message_queue', 1, 'queue', 'message', '', 0, 1418091264, 0),
(11, '用户统计脚本', 'user_static', 0, 'static', 'user', '40 23 * * *', 0, 1418091347, 0),
(12, '用户每天新增统计', 'user_day_static', 0, 'static', 'user-day', '2 2 * * *', 0, 1418091417, 0),
(13, '标的统计脚本', 'biaodi_static', 0, 'static', 'biaodi', '* 1 * * 0', 0, 1418091488, 0),
(14, '标的周统计脚本', 'biaodi_week_static', 0, 'static', 'biaodiweek', '* 2 * * 0', 0, 1418091546, 0),
(15, '机构统计脚本', 'org_static', 0, 'static', 'org', '* */1 * * *', 0, 1418091601, 0),
(16, '服务统计脚本', 'service_static', 0, 'static', 'service', '30 2 * * 0', 0, 1418091657, 0),
(17, '400电话记录抓取', 'fetch_extcode_detail', 0, 'fetch', 'getexcodedetail', '*/5 * * * *', 0, 1418091715, 0),
(18, 'C端用户预约即将过期提醒脚本', 'user_reserve_expire_attention', 0, 'attention', 'userreserveexpire', '20 10 * * *', 0, 1418091874, 0),
(19, 'C端用户理财方案提醒脚本', 'user_demand_attention', 0, 'attention', 'userdemand', '10 10 * * *', 0, 1418091939, 0),
(20, 'C端用户咨询提醒脚本', 'user_consult_attention', 0, 'attention', 'userconsult', '* 14 * * *', 0, 1418091988, 0),
(21, '推送队列', 'push_queue', 1, 'queue', 'push', '', 0, 1418092090, 0),
(22, '创建更新关键字', 'keyword_build', 0, 'keyword', 'build', '30 0 * * *', 0, 1422503318, 0),
(25, '创建更新关键字 consultant', 'keyword_build consultant', 0, 'keyword', 'build', '35 0 * * *', 0, 1422503318, 1),
(26, '创建更新关键字 service', 'keyword_build service', 0, 'keyword', 'build', '40 0 * * *', 0, 1422503318, 1),
(27, '统计关键字数脚本', 'keyword_count_num', 0, 'keyword', 'countnum', '0 1 * * *', 0, 1422510171, 0),
(28, 'tongji ', 'sample_static', 0, 'static', 'samplestatic', '* 9 * * *', 0, 1429774545, 0);

-- --------------------------------------------------------

--
-- 表的结构 `manage_tree`
--

CREATE TABLE IF NOT EXISTS `manage_tree` (
  `id` int(10) unsigned NOT NULL AUTO_INCREMENT,
  `title` varchar(200) NOT NULL,
  `parent_id` int(10) unsigned NOT NULL DEFAULT '0',
  `url` varchar(200) NOT NULL,
  `ctime` int(10) NOT NULL DEFAULT '0',
  `utime` int(10) NOT NULL DEFAULT '0',
  `is_delete` tinyint(1) NOT NULL DEFAULT '0',
  `order` int(11) unsigned DEFAULT '0',
  `classname` varchar(50) NOT NULL DEFAULT 'index',
  KEY `id` (`id`)
) ENGINE=InnoDB DEFAULT CHARSET=utf8 AUTO_INCREMENT=1 ;

--
-- 转存表中的数据 `manage_tree`
--


-- --------------------------------------------------------

--
-- 表的结构 `module`
--

CREATE TABLE IF NOT EXISTS `module` (
  `id` int(10) unsigned NOT NULL AUTO_INCREMENT,
  `module` varchar(200) NOT NULL,
  `intro` varchar(400) NOT NULL,
  `ctime` int(10) NOT NULL,
  `is_delete` tinyint(1) unsigned NOT NULL DEFAULT '0',
  PRIMARY KEY (`id`)
) ENGINE=InnoDB  DEFAULT CHARSET=utf8 AUTO_INCREMENT=3 ;

--
-- 转存表中的数据 `module`
--

INSERT INTO `module` (`id`, `module`, `intro`, `ctime`, `is_delete`) VALUES
(1, 'DICT', '字典', 1443075138, 0),
(2, 'ASYN MODEL', '异步model', 1443076015, 0);

-- --------------------------------------------------------

--
-- 表的结构 `module_phone`
--

CREATE TABLE IF NOT EXISTS `module_phone` (
  `id` int(10) unsigned NOT NULL AUTO_INCREMENT,
  `module` varchar(200) NOT NULL,
  `intro` varchar(400) NOT NULL,
  `ctime` int(10) NOT NULL,
  `is_delete` tinyint(1) unsigned NOT NULL DEFAULT '0',
  PRIMARY KEY (`id`)
) ENGINE=InnoDB  DEFAULT CHARSET=utf8 AUTO_INCREMENT=37 ;

--
-- 转存表中的数据 `module_phone`
--

INSERT INTO `module_phone` (`id`, `module`, `intro`, `ctime`, `is_delete`) VALUES
(1, 'c_user ', '用户', 1403063536, 0),
(2, 'b/user ', '[顾问版] (用户相关)', 1403063544, 1),
(3, 'b/home', '[顾问端](我)', 1403063896, 1),
(4, 'b/find', '[顾问端](找客户)', 1403063913, 1),
(5, 'b/attention', '[顾问端](消息)', 1403063969, 1),
(6, 'b/jrd', '[顾问版](我的jrd)', 1403234943, 1),
(7, 'b/jrd', '顾问我的jrd', 1403234943, 1),
(8, '', '', 1403240085, 1),
(9, 'c_city', '城市相关模块', 1422846319, 0),
(10, 'c/home', '[用户版] (Home)', 1422858170, 1),
(11, 'c_order', '订单模块', 1428375315, 0),
(12, 'c_common', '公共模块相关', 1428572251, 1),
(13, 'c/index', '首页', 1429671671, 1),
(14, 'c_sku', '物品相关', 1429694186, 0),
(15, 'c/actvity', '活动相关', 1429840435, 1),
(16, 'c_category', '商品分类', 1437620147, 0),
(17, 'c_shop', '商铺', 1437627353, 0),
(18, '促销', 'c_promotion', 1437701663, 1),
(19, 'c_common', '通用模块', 1437706144, 0),
(20, 'dict', '数据字典', 1437795604, 1),
(21, 'c_message', '消息', 1438930310, 0),
(22, 'native', '本地api', 1440490036, 1),
(23, 'y_category', '商品分类', 1440570882, 0),
(24, 'y_message', '消息', 1440570926, 0),
(25, 'y_order', '订单模块', 1440570984, 0),
(26, 'y_shop', '商铺', 1440571003, 1),
(27, 'y_sku', '物品相关', 1440571028, 0),
(28, 'y_user', '用户', 1440571050, 0),
(29, 'b_user', '用户', 1441769908, 0),
(30, 'b_category', '商品分类', 1441782422, 0),
(31, 'b_sku', '物品相关', 1441795957, 0),
(32, 'b_message', '消息', 1441954625, 0),
(33, 'b_shop', '店铺', 1442304456, 0),
(34, 'b_order', '订单模块', 1442305698, 0),
(35, 'c_coupon', '现金劵模块', 1449657147, 0),
(36, 'y_shop', '店铺', 1450851989, 0);

-- --------------------------------------------------------

--
-- 表的结构 `param`
--

CREATE TABLE IF NOT EXISTS `param` (
  `id` int(10) unsigned NOT NULL AUTO_INCREMENT,
  `api_id` int(10) unsigned NOT NULL,
  `name` varchar(200) NOT NULL,
  `intro` varchar(200) NOT NULL,
  `can_empty` tinyint(1) unsigned DEFAULT '0',
  `ctime` int(10) unsigned NOT NULL,
  `is_delete` tinyint(1) NOT NULL DEFAULT '0',
  PRIMARY KEY (`id`),
  KEY `ctime` (`ctime`,`is_delete`),
  KEY `api_id` (`api_id`,`is_delete`)
) ENGINE=InnoDB  DEFAULT CHARSET=utf8 AUTO_INCREMENT=20 ;

--
-- 转存表中的数据 `param`
--

INSERT INTO `param` (`id`, `api_id`, `name`, `intro`, `can_empty`, `ctime`, `is_delete`) VALUES
(1, 1, 'id', '', 0, 1443076166, 0),
(2, 2, 'offset', '分页', 0, 1443076196, 0),
(3, 2, 'limit', '限制', 0, 1443076207, 0),
(4, 2, 'parent_id', '父类', 0, 1443076213, 0),
(5, 3, 'code', '', 1, 1443076245, 0),
(6, 3, 'id', '', 0, 1443076250, 0),
(7, 3, 'name', '', 0, 1443076253, 0),
(8, 3, 'sort', '', 1, 1443076258, 0),
(9, 3, 'role', '', 1, 1443076267, 0),
(10, 4, 'id', '', 0, 1443076301, 0),
(11, 5, 'id', '', 0, 1443076320, 0),
(12, 5, 'name', '', 0, 1443076324, 0),
(13, 5, 'code', '', 1, 1443076328, 0),
(14, 5, 'sort', '', 1, 1443076333, 0),
(15, 5, 'role', '', 1, 1443076337, 0),
(16, 5, 'parent_id', '', 0, 1443076346, 0),
(17, 6, 'model', '', 0, 1443076412, 0),
(18, 6, 'method', '', 0, 1443076419, 0),
(19, 6, 'params', '', 0, 1443076435, 0);

-- --------------------------------------------------------

--
-- 表的结构 `param_phone`
--

CREATE TABLE IF NOT EXISTS `param_phone` (
  `id` int(10) unsigned NOT NULL AUTO_INCREMENT,
  `api_id` int(10) unsigned NOT NULL,
  `name` varchar(200) NOT NULL,
  `intro` varchar(200) NOT NULL,
  `can_empty` tinyint(1) unsigned DEFAULT '0',
  `ctime` int(10) unsigned NOT NULL,
  `is_delete` tinyint(1) NOT NULL DEFAULT '0',
  PRIMARY KEY (`id`)
) ENGINE=InnoDB  DEFAULT CHARSET=utf8 AUTO_INCREMENT=935 ;

--
-- 转存表中的数据 `param_phone`
--

INSERT INTO `param_phone` (`id`, `api_id`, `name`, `intro`, `can_empty`, `ctime`, `is_delete`) VALUES
(1, 1, 'login', '登入名', 0, 1403070630, 0),
(2, 1, 'password', '密码', 0, 1403070640, 0),
(3, 2, 'var', '参数', 1, 1403161825, 0),
(4, 3, 'mobile', '登入名', 0, 1403166308, 0),
(5, 3, 'pwd', '密码', 0, 1403166319, 0),
(6, 4, 'mobile', '手机', 0, 1403166350, 0),
(7, 6, 'demand_id', '需求id', 0, 1403236733, 0),
(8, 1, 'device_token', '设备号', 0, 1403414758, 0),
(9, 1, 'device_type', '设备类型（ios,andriod,winphone)', 0, 1403414777, 0),
(10, 17, 'consultant_id', '顾问ID', 0, 1403590005, 1),
(11, 17, 'limit', '', 0, 1403590011, 0),
(12, 17, 'offset', '', 0, 1403590017, 0),
(13, 18, 'test', '', 1, 1403593852, 0),
(14, 8, 'limit', '', 0, 1403838966, 0),
(15, 8, 'offset', '', 0, 1403838971, 0),
(16, 8, 'lat', '', 0, 1403838977, 0),
(17, 8, 'lng', '', 0, 1403838982, 0),
(18, 8, 'type', '', 0, 1403839187, 0),
(19, 8, 'distance', '', 0, 1403839193, 0),
(20, 9, 'limit', '', 0, 1403845962, 0),
(21, 9, 'offset', '', 0, 1403845968, 0),
(22, 9, 'lat', '', 0, 1403845973, 0),
(23, 9, 'lng', '', 0, 1403845977, 0),
(24, 9, 'type', '', 0, 1403845981, 0),
(25, 9, 'distance', '', 0, 1403845988, 0),
(26, 10, 'demand_id', '', 0, 1403846364, 0),
(27, 7, 'page', '', 0, 1403847673, 0),
(28, 7, 'limit', '', 0, 1403847685, 0),
(29, 7, 'scope', '', 1, 1403847692, 0),
(30, 7, 'type', '', 1, 1403847698, 0),
(31, 23, 'condition', '状态  0 预约确认  3 已完成预约   5 已取消预约   2 已过期预约', 1, 1404868993, 0),
(32, 26, 'id', '预约ID', 1, 1404869196, 1),
(33, 26, 'id', '预约ID', 0, 1404869199, 0),
(34, 27, 'id', '', 1, 1404869314, 0),
(35, 27, 'mobile', '手机号', 1, 1404869327, 1),
(36, 27, 'address', '地址', 0, 1404869344, 1),
(37, 20, 'id', '', 1, 1404869567, 0),
(38, 20, 'status', '预约状态', 1, 1404869724, 0),
(39, 32, 'id', '', 1, 1404876942, 0),
(40, 33, 'id', '预约ID', 1, 1404962312, 0),
(41, 33, 'mobile', '手机号', 1, 1404962325, 0),
(42, 33, 'address', '所属机构地址', 0, 1404962344, 0),
(43, 20, 'mobile', '手机号（此参数待定）', 0, 1404985258, 0),
(44, 20, 'address', '地址（此参数待定）', 0, 1404985304, 0),
(45, 34, 'target_id', '发送目标ID', 0, 1405328393, 0),
(46, 34, 'content', '内容', 0, 1405328404, 0),
(47, 35, 'target_id', '发送目标ID', 0, 1405328497, 0),
(48, 35, 'content', '回复内容', 0, 1405328517, 0),
(49, 37, 'service_type', '服务类型ID', 1, 1406021654, 0),
(50, 37, 'sex', '性别 0 是男 1是女', 1, 1406021683, 0),
(51, 37, 'industry_id', '行业ID', 1, 1406021726, 0),
(52, 37, 'income', '年薪范围', 1, 1406021750, 0),
(53, 37, 'area_id', '所在地id', 1, 1406021771, 0),
(54, 38, 'customerIds', '用户ID：多个用逗号分隔', 1, 1406174003, 0),
(55, 38, 'message', '私信内容', 1, 1406174023, 0),
(56, 39, 'id', '目标ID', 0, 1406195767, 0),
(57, 41, 'org_id', '机构ID', 0, 1407146338, 0),
(58, 42, 'address', '网点地址', 0, 1407156481, 0),
(59, 43, 'target_id', '目标用户ID', 0, 1407295980, 0),
(60, 44, 'keys', '四种感兴趣的标识 ： interested (收藏过的)   commend（评论过的） consulted（咨询过的顾问） subscribed（预约过的）   ', 0, 1407312847, 0),
(61, 44, 'id', '用户ID', 0, 1407312879, 0),
(62, 44, 'params', '三种评价过的标识：service（产品服务） consultant（顾问） org（品牌）', 1, 1407312995, 0),
(63, 44, 'limit', '条数限制  默认10条', 1, 1407313394, 0),
(64, 45, 'id', '用户ID', 0, 1407315790, 0),
(65, 45, 'limit', '默认10条', 1, 1407315804, 0),
(66, 46, 'id', '用户ID', 0, 1407320250, 0),
(67, 47, 'id', '用户ID', 0, 1407320270, 0),
(68, 46, 'limit', '', 1, 1407320394, 0),
(69, 47, 'limit', '', 1, 1407320405, 0),
(70, 49, 'id', '目标用户ID', 0, 1407399310, 0),
(71, 51, 'targetId', '目标ID', 0, 1407463060, 0),
(72, 51, 'type', '用户类型', 0, 1407463080, 0),
(73, 50, 'type', '用户类型', 0, 1407463093, 0),
(74, 50, 'targetId', '目标ID', 0, 1407463104, 0),
(75, 52, 'imageURI', 'imageURI', 0, 1409825395, 0),
(76, 53, 'version', 'version', 0, 1410938590, 0),
(77, 53, 'device_type', 'device_type', 0, 1410938600, 0),
(78, 54, 'app_market', 'app_marketapp_marketapp_marketapp_marketapp_marketapp_marketapp_marketapp_marketapp_market', 0, 1411539653, 1),
(79, 54, 'app_market', 'app_market', 0, 1411539656, 0),
(80, 54, 'log_type', 'log_type', 0, 1411539676, 0),
(81, 54, 'version', 'version', 0, 1411539691, 0),
(82, 54, 'device_token', 'device_token', 1, 1411539817, 0),
(83, 55, 'limit', 'limit', 0, 1412735749, 0),
(84, 55, 'offset', 'offset', 0, 1412735806, 0),
(85, 21, 'id', '顾问ID', 0, 1412839075, 0),
(86, 21, 'offset', '', 0, 1412839084, 0),
(87, 21, 'limit', '', 0, 1412839095, 0),
(88, 57, 'limit', 'limit', 0, 1414737464, 0),
(89, 57, 'offset', 'offset', 0, 1414737477, 0),
(90, 22, 'id', 'id', 0, 1415857236, 0),
(91, 58, 'offset', '', 0, 1422849150, 0),
(92, 58, 'limit', '', 0, 1422849163, 0),
(93, 58, 'location', '定位坐标点（纬度，经度），不传默认上海中心点', 1, 1422849260, 0),
(94, 58, 'distance', '周围多少公里，不传默认3km', 1, 1422849299, 0),
(95, 58, 'order', '排序，默认距离，2人气，3距离', 1, 1422849619, 0),
(96, 58, 'city_id', '城市Id，默认22，上海', 1, 1422849634, 0),
(97, 58, 'org_category', '机构类别', 1, 1422849752, 0),
(98, 58, 'area_id', '所在区域', 1, 1422849784, 0),
(99, 58, 'brand_id', '品牌id', 1, 1422849813, 0),
(100, 61, 'offset', '', 0, 1422860749, 0),
(101, 61, 'limit', '', 0, 1422860755, 0),
(102, 61, 'location', '定位坐标点（纬度，经度）', 1, 1422860765, 0),
(103, 61, 'distance', '周边多少公里', 1, 1422860889, 0),
(104, 61, 'service_type', '产品服务类型', 1, 1422862999, 0),
(105, 61, 'city_id', '城市id，默认上海22', 1, 1422863080, 0),
(106, 61, 'order', '排序，默认距离， 1评价，2人气，3距离', 1, 1422863121, 0),
(107, 61, 'brand_id', '品牌id', 1, 1422863390, 0),
(108, 61, 'area_id', '区域id', 1, 1422863415, 0),
(109, 61, 'org_category', '机构类型', 1, 1422863459, 0),
(110, 62, 'offset', '', 0, 1422934487, 0),
(111, 62, 'limit', '', 0, 1422934493, 0),
(112, 62, 'location', '定位中心点坐标（纬度，经度）', 1, 1422934518, 0),
(113, 62, 'distance', '距离中心点多少公里，默认3公里', 1, 1422934551, 0),
(114, 62, 'service_type', '产品服务类型', 1, 1422934680, 0),
(115, 62, 'city', '城市，默认shanghai', 1, 1422934754, 0),
(116, 62, 'area_id', '区域id', 1, 1422934769, 0),
(117, 62, 'brand_id', '品牌id', 1, 1422934841, 0),
(118, 62, 'order', '排序字段，默认距离', 1, 1422945256, 0),
(119, 62, 'sort', '排序方式，0增序，1降序', 1, 1422945286, 0),
(120, 62, 'currency', '币种', 1, 1422945495, 0),
(121, 62, 'invest_range', '投资金额', 1, 1422946058, 0),
(122, 62, 'profit_rate', '年化收益率', 1, 1422946089, 0),
(123, 63, 'city_id', '城市ID', 0, 1422946005, 0),
(124, 62, 'invest_period', '投资期限', 1, 1422946123, 0),
(125, 62, 'loan_amount_range', '贷款额度', 1, 1422946221, 0),
(126, 62, 'loan_period', '贷款期限', 1, 1422946243, 0),
(127, 62, 'loan_profit_rate', '贷款年利率', 1, 1422946263, 0),
(128, 62, 'save_type', '储蓄类型', 1, 1422946316, 0),
(129, 62, 'bank_card_type', '银行卡类型', 1, 1422946446, 0),
(130, 62, 'credit_card_rank', '信用卡级别', 1, 1422946631, 0),
(131, 62, 'credit_card_category', '信用卡类别', 1, 1422946658, 0),
(132, 62, 'save_card_rank', '储蓄卡级别', 1, 1422946682, 0),
(133, 62, 'financial_securities_type', '证券类别', 1, 1422946738, 0),
(134, 62, 'financial_securities_market', '证券交易市场', 1, 1422946902, 0),
(135, 62, 'futures_type', '期货类型', 1, 1422946927, 0),
(136, 62, 'futures_market', '期货交易市场', 1, 1422946966, 0),
(137, 62, 'precious_metal_type', '贵金属类型', 1, 1422947015, 0),
(138, 62, 'foreign_currency_exchange_type', '外汇类型', 1, 1422947046, 0),
(139, 62, 'insurance_type', '保险类型', 1, 1422947113, 0),
(140, 62, 'ensure_type', '保险特色', 1, 1422947153, 0),
(141, 3, '描述：设备类型（ios,andriod,winphone)', 'device_type', 0, 1422953142, 1),
(142, 3, 'device_type', '描述：设备类型（ios,andriod,winphone)', 0, 1422953151, 0),
(143, 3, 'device_token', '描述：设备号', 0, 1422953178, 0),
(144, 63, 'area_id', '区域ID', 0, 1423038417, 0),
(145, 63, 'birth', '生日', 0, 1423038429, 0),
(146, 63, 'income', '收入', 0, 1423038439, 0),
(147, 63, 'industry', '行业', 0, 1423038448, 0),
(148, 63, 'sex', '性别', 0, 1423038461, 0),
(149, 63, 'is_married', '是否结婚', 0, 1423038471, 0),
(150, 63, 'has_children', '有无子女', 0, 1423038482, 0),
(151, 66, 'app_market', '市场来源', 0, 1423121949, 0),
(152, 66, 'log_type', '登陆类型', 0, 1423121968, 0),
(153, 66, 'version', '版本', 0, 1423121979, 0),
(154, 65, 'version', '版本', 0, 1423125191, 0),
(155, 65, 'device_type', '设备类型ios andriod', 0, 1423125212, 0),
(156, 67, 'mobile', '手机号码', 0, 1423126978, 0),
(157, 68, 'pwd', '原始密码【密码长度为6位到20位之间】', 0, 1423127006, 0),
(158, 68, 'verify_code', '验证码', 0, 1423127018, 1),
(159, 68, 'new_pwd', '新密码【密码长度为6位到20位之间】', 0, 1423127034, 0),
(160, 69, 'imageURI', '图像编码', 0, 1423553169, 0),
(161, 71, 'new_password', '新密码', 0, 1423720946, 0),
(162, 71, 'old_password', '原始密码', 0, 1423720962, 0),
(163, 70, 'info', 'info', 0, 1423722158, 0),
(164, 72, 'code', '验证码', 0, 1423815662, 0),
(165, 72, 'mobile', '手机号码', 0, 1423815674, 0),
(166, 74, 'email', '用户邮箱', 0, 1423816302, 0),
(167, 74, 'code', '验证码', 0, 1423816309, 0),
(168, 73, 'mobile', '手机号', 0, 1423976975, 0),
(169, 73, 'code', '验证码', 0, 1423977038, 0),
(170, 73, 'edit', '固定传‘1’，表示编辑模式', 0, 1423977064, 0),
(171, 72, 'edit', '固定传‘1’，表示编辑模式', 0, 1423977087, 0),
(172, 74, 'edit', '固定传‘1’，表示编辑模式', 0, 1423977099, 0),
(173, 63, 'edit', '固定传‘1’，表示编辑模式', 0, 1423977179, 1),
(174, 63, 'edit', '固定传‘1’，表示编辑模式', 1, 1423977187, 0),
(175, 71, 'edit', '固定传‘1’，表示编辑模式', 0, 1423977202, 0),
(176, 69, 'edit', '固定传‘1’，表示编辑模式', 0, 1423977212, 0),
(177, 67, 'send_type', '1. 手机注册验证码， 2. 重置密码', 0, 1423993045, 0),
(178, 58, 'service_type', '服务类型', 1, 1427774268, 0),
(179, 76, 'pagesize', 'pagesize', 0, 1427877192, 0),
(180, 76, 'page', 'page', 0, 1427877201, 0),
(181, 75, 'page', 'page', 0, 1427877370, 0),
(182, 75, 'pagesize', 'pagesize', 0, 1427877384, 0),
(183, 76, 'id', 'id', 0, 1427940239, 0),
(184, 79, 'id', '用户ID', 0, 1428376360, 1),
(185, 80, 'user_id', '客户ID', 0, 1428376369, 1),
(186, 81, 'id', '机构ID', 0, 1428376378, 1),
(187, 82, 'id', '服务ID', 0, 1428376403, 1),
(188, 83, 'targetId', '被关注人ID', 0, 1428572403, 0),
(189, 84, 'lat', '经纬度 31.239182', 0, 1429690244, 0),
(190, 84, 'lng', '经纬度 121.481663', 0, 1429690257, 0),
(191, 88, 'service_id', '产品服务ID', 0, 1430982792, 0),
(192, 89, 'service_id', '产品服务ID', 0, 1430982806, 0),
(193, 90, 'id', '产品服务ID', 0, 1431075797, 0),
(194, 90, 'consultant_id', '顾问ID（提交咨询的时候才有）', 1, 1431078298, 0),
(195, 90, 'consulantcontent', '咨询内容（提交咨询的时候才有）', 1, 1431078319, 0),
(196, 91, 'id', '产品服务ID', 0, 1431315925, 0),
(197, 91, 'amount', '预约金额（提交是必选）', 1, 1431315944, 0),
(198, 91, 'consultant_id', '顾问ID（提交是必选）', 1, 1431315960, 0),
(199, 91, 'currency', '币种（提交是必选）', 1, 1431315974, 0),
(200, 91, 'service_type', '服务类型（提交是必选）', 1, 1431315996, 0),
(201, 91, 'message', '内容（提交是必选）', 1, 1431316013, 0),
(202, 93, 'id', '顾问ID', 0, 1431316077, 0),
(203, 91, 'month', '月份', 1, 1431326051, 0),
(204, 91, 'day', '日期', 1, 1431326062, 0),
(205, 91, 'hour', '小时', 1, 1431326070, 0),
(206, 91, 'minute', '分钟', 1, 1431326084, 0),
(207, 93, 'content', '咨询内容', 1, 1431326108, 0),
(208, 93, 'service_type', '服务类型', 1, 1431326124, 0),
(209, 92, 'id', '顾问ID', 0, 1431326427, 0),
(210, 92, 'amount', '金额（提交时候必填）', 1, 1431330655, 0),
(211, 92, 'currency', '币种（提交时候必填）', 1, 1431330712, 0),
(212, 92, 'message', '信息（提交时候必填）', 1, 1431330724, 0),
(213, 92, 'service_type', '服务类型（提交时候必填）', 1, 1431330737, 0),
(214, 92, 'month', '月（提交时候必填）', 1, 1431330750, 0),
(215, 92, 'day', '日（提交时候必填）', 1, 1431330757, 0),
(216, 92, 'hour', '时（提交时候必填）', 1, 1431330764, 0),
(217, 92, 'minute', '分（提交时候必填）', 1, 1431330772, 0),
(218, 94, 'keytype', '类型1：产品服务 2：顾问 3：机构', 0, 1431481705, 0),
(219, 94, 'keywords', '关键词', 0, 1431481716, 0),
(220, 4, 'pwd', '密码', 0, 1437537475, 0),
(221, 4, 'code', '校验码', 0, 1437537515, 0),
(222, 4, 'confirm_pwd', '确认密码', 0, 1437541172, 0),
(223, 97, 'parent_category_id', '一级分类ID', 1, 1437619475, 0),
(224, 97, 'offset', '开始条数', 0, 1437619523, 0),
(225, 97, 'city', '拼音 例：beijing', 0, 1437619568, 0),
(226, 97, 'limit', '获取记录数', 0, 1437619689, 0),
(227, 80, 'buy_amount', '系统计算金额', 0, 1437620030, 1),
(228, 80, 'pay_amount', '实际支付金额', 1, 1437620218, 1),
(229, 100, 'parent_id', '父级分类ID', 0, 1437620577, 0),
(230, 4, 'sex', '性别', 0, 1437620788, 1),
(231, 4, 'sale', '销售人员', 0, 1437620833, 1),
(232, 4, 'city', '城市', 0, 1437620932, 1),
(233, 103, 'city', '城市', 0, 1437620946, 0),
(234, 102, 'city', '城市', 0, 1437620963, 0),
(235, 105, 'city', '城市', 0, 1437621014, 0),
(236, 104, 'city', '城市', 0, 1437621031, 0),
(237, 80, 'offset', '分页起始值', 0, 1437621475, 0),
(238, 102, 'offset', '开始条数', 0, 1437621553, 0),
(239, 102, 'limit', '获取记录数', 0, 1437621557, 0),
(240, 104, 'offset', '开始条数', 0, 1437621582, 0),
(241, 104, 'limit', '获取记录数', 0, 1437621595, 0),
(242, 105, 'offset', '开始条数', 0, 1437621609, 0),
(243, 103, 'offset', '开始条数', 0, 1437621624, 0),
(244, 103, 'limit', '获取记录数', 0, 1437621628, 0),
(245, 80, 'limit', '每页显示条数', 0, 1437621713, 1),
(246, 105, 'limit', '获取记录数', 0, 1437621732, 0),
(247, 80, 'limit', '每页显示条数', 0, 1437621817, 0),
(248, 107, 'order_id', '订单ID', 0, 1437622006, 0),
(249, 100, 'city', '城市', 0, 1437622209, 0),
(250, 99, 'city', '城市', 0, 1437622246, 0),
(251, 79, 'user_id', '客户ID', 0, 1437622256, 1),
(252, 79, 'shop_id', '系统计算金额', 0, 1437622334, 1),
(253, 79, 'pay_amount', '实际支付金额', 0, 1437622350, 1),
(254, 79, 'status', '订单状态', 0, 1437622383, 1),
(255, 79, 'platform', '订单来源，如手机客户端，微信等', 0, 1437622435, 1),
(256, 79, 'remark', '备注', 1, 1437622453, 1),
(257, 79, 'shop_id', '店铺ID', 0, 1437622489, 0),
(258, 79, 'contact_name', '收货人', 0, 1437622550, 1),
(259, 79, 'receive_address', '收货地址', 0, 1437622575, 1),
(260, 79, 'receive_mobile', '收货人电话', 0, 1437622596, 1),
(261, 79, 'partner_id', '供货商ID', 0, 1437622631, 1),
(262, 79, 'order_detail', 'json格式如[{"sku_id":1,"buy_number":1,"unit_price":222},{"sku_id":187,"buy_number":4},{"sku_id":0,"sku_name":"xxxx","unit_price":10,"unit_id":40,"category_id":"1","buy_number":1,"user_remark":"bbbb"}]', 0, 1437622738, 0),
(263, 106, 'local_name', '地区名称', 0, 1437622744, 1),
(264, 79, 'sku_name', '商品名称', 0, 1437622754, 1),
(265, 79, 'buy_number', '购买数量', 0, 1437622781, 1),
(266, 106, 'en_name', '地区英文名称', 0, 1437622862, 1),
(267, 79, 'pay_type', '支付方式1、货到付款2、余额支付', 0, 1437622864, 0),
(268, 79, 'unit_cn', '显示单位', 0, 1437622888, 1),
(269, 81, 'order_id', '订单ID', 0, 1437623026, 0),
(270, 81, 'status', '状态值', 1, 1437623053, 1),
(271, 82, 'order_id', '订单ID', 0, 1437623190, 0),
(272, 106, 'id', '地区id', 0, 1437623198, 1),
(273, 109, 'city', '城市id', 0, 1437627105, 0),
(274, 114, 'city', '城市', 0, 1437627833, 0),
(275, 110, 'name', '店铺名称', 0, 1437627839, 0),
(276, 114, 'sku_id', '商品ID', 0, 1437627850, 0),
(277, 110, 'user_id', '用户id', 0, 1437627865, 1),
(278, 115, 'city', '城市', 0, 1437628001, 0),
(279, 110, 'area_id', '地区ID', 0, 1437628005, 1),
(280, 115, 'id', '收藏id', 0, 1437628022, 0),
(281, 110, 'address', '收货地址', 0, 1437628028, 0),
(282, 110, 'shop_type', '商品种类', 0, 1437628082, 1),
(283, 110, 'contact_name', '联系人', 0, 1437628136, 0),
(284, 110, 'contact_mobile', '联系电话', 0, 1437628184, 0),
(285, 116, 'city', '城市', 0, 1437628220, 0),
(286, 116, 'offset', '开始位置', 0, 1437628232, 0),
(287, 116, 'limit', '记录条数', 0, 1437628242, 0),
(288, 111, 'shop_id', '商铺id', 0, 1437628650, 0),
(289, 112, 'shop_id', '店铺ID', 0, 1437628686, 0),
(290, 113, 'address', '详细地址', 0, 1437628873, 1),
(291, 113, 'area_id', '地区', 0, 1437628897, 1),
(292, 113, 'contact_name', '联系人', 1, 1437628976, 0),
(293, 110, 'area', '地区', 0, 1437628997, 1),
(294, 110, 'username', '用户名', 0, 1437629016, 1),
(295, 113, 'area', '地区名', 0, 1437629027, 1),
(296, 113, 'contact_name', '联系人', 0, 1437629041, 1),
(297, 113, 'contact_mobile', '联系电话', 1, 1437629055, 0),
(298, 113, 'name', '店铺名称', 1, 1437629068, 0),
(299, 113, 'shop_type', '商品种类', 0, 1437629083, 1),
(300, 113, 'username', '用户名', 0, 1437629098, 1),
(301, 113, 'user_id', '用户ID', 0, 1437629111, 1),
(302, 108, 'city', '城市', 0, 1437630292, 0),
(303, 108, 'id', '商品ID', 0, 1437630308, 0),
(304, 3, 'code', '验证码', 0, 1437634532, 1),
(305, 79, 'sn', '订单号', 0, 1437635656, 1),
(306, 79, 'sn', '订单号', 0, 1437635664, 1),
(307, 113, 'limit', '每页显示条数', 0, 1437642139, 1),
(308, 113, 'offset', '分页起始值', 0, 1437642160, 1),
(309, 80, 'shop_id', '店铺ID', 1, 1437642211, 0),
(310, 80, 'status', '状态0待处理1处理中2已收货3已取消', 1, 1437642493, 0),
(311, 80, 'city', '城市', 0, 1437642558, 0),
(312, 117, 'city', '城市名称', 0, 1437642923, 0),
(313, 97, 'discount_price', '打折:1 不打折:0', 1, 1437646861, 0),
(314, 97, 'hot', '热销', 1, 1437646875, 0),
(315, 119, 'city', '城市', 0, 1437646918, 0),
(316, 97, 'new', '新品', 1, 1437647048, 0),
(317, 4, 'device_token', '', 0, 1437659732, 0),
(318, 4, 'device_type', '设备类型（ios,andriod,winphone)', 0, 1437659753, 0),
(319, 79, 'city', '城市', 0, 1437699457, 0),
(320, 79, 'contact_name', '收货人', 0, 1437699749, 1),
(321, 79, 'receive_mobile', '收货电话', 0, 1437699797, 1),
(322, 79, 'receive_address', '收货地址', 0, 1437699838, 1),
(323, 118, 'city_id', '城市ID', 0, 1437700325, 1),
(324, 113, 'city', '城市', 0, 1437700547, 0),
(325, 112, 'city_id', '城市ID', 0, 1437700578, 1),
(326, 111, 'city_id', '城市ID', 0, 1437700604, 0),
(327, 112, 'city', '城市', 0, 1437700909, 0),
(328, 110, 'city', '城市', 0, 1437700945, 0),
(329, 113, 'address', '地址', 1, 1437701090, 0),
(330, 107, 'city', '城市', 0, 1437701351, 0),
(331, 81, 'city', '城市', 0, 1437701365, 0),
(332, 120, 'city', '城市', 0, 1437701750, 0),
(333, 113, 'best_time', '最佳时间(例：7:00-12:00)', 1, 1437702405, 0),
(334, 113, 'shop_id', '店铺ID', 0, 1437702441, 0),
(335, 122, 'city_id', '城市id', 0, 1437706678, 0),
(336, 122, 'city', '城市id', 0, 1437706678, 1),
(337, 122, 'city', '城市id', 0, 1437706678, 1),
(338, 122, 'city', '城市id', 0, 1437706678, 1),
(339, 123, 'real_name', '账户名', 0, 1437707442, 0),
(340, 123, 'sex', '性别', 1, 1437707499, 0),
(341, 123, '城市ID', 'city_id', 0, 1437707534, 1),
(342, 4, 'sale_id', '销售码', 1, 1437708227, 1),
(343, 119, 'limit', '条数', 0, 1437720299, 0),
(344, 119, 'offset', '开始条数', 0, 1437720311, 0),
(345, 110, 'pay_type', '支付方式', 0, 1437720684, 1),
(346, 110, 'pay_day_id', '账期dict 表对应', 0, 1437720728, 1),
(347, 110, 'best_time', '最佳时间', 0, 1437720831, 1),
(348, 118, 'city', '城市', 0, 1437726428, 0),
(349, 68, 'confirm_pwd', '确认新密码【密码长度为6位到20位之间】', 0, 1437727092, 0),
(350, 110, 'best_time', '最佳时间(例：7:00-12:00,中间用 - 隔开)', 1, 1437735494, 0),
(351, 121, 'hot', '是否热门城市1为热门城市', 1, 1437740683, 0),
(352, 124, 'mobile', '手机号', 0, 1437753145, 0),
(353, 124, 'code', '验证码', 0, 1437753172, 1),
(354, 124, 'code', '验证码', 0, 1437753175, 1),
(355, 124, 'code', '验证码', 0, 1437753175, 1),
(356, 124, 'code', '验证码', 0, 1437753176, 1),
(357, 124, 'code', '验证码', 0, 1437753176, 1),
(358, 124, 'code', '验证码', 0, 1437753176, 1),
(359, 124, 'code', '验证码', 0, 1437753176, 1),
(360, 124, 'code', '验证码', 0, 1437753176, 0),
(361, 130, 'name', '', 0, 1437796220, 0),
(362, 130, 'parent_id', '', 0, 1437796230, 0),
(363, 130, 'code', '', 1, 1437796235, 0),
(364, 130, 'sort', '', 1, 1437796249, 0),
(365, 128, 'parent_id', '', 0, 1437797817, 0),
(366, 128, 'offset', '', 0, 1437797820, 0),
(367, 128, 'limit', '', 0, 1437797824, 0),
(368, 129, 'id', '', 0, 1437814263, 0),
(369, 132, 'id', '', 0, 1437815795, 0),
(370, 131, 'name', '', 0, 1437815802, 0),
(371, 131, 'code', '', 1, 1437815807, 0),
(372, 131, 'sort', '', 1, 1437815812, 0),
(373, 110, 'area_id', '地区', 1, 1437970075, 0),
(374, 113, 'area_id', '地区', 1, 1437970097, 0),
(375, 133, 'city', '城市（拼音）', 0, 1437982075, 0),
(376, 133, 'order_id', '订单ID', 0, 1437982093, 0),
(377, 118, 'status', '审核状态', 0, 1437982670, 1),
(378, 134, 'city', '城市', 0, 1437989690, 0),
(379, 134, 'name', '关键字', 0, 1437989697, 0),
(380, 134, 'limit', '条数', 0, 1437989743, 0),
(381, 134, 'offset', '开始', 0, 1437989751, 0),
(382, 118, 'status', '审核状态(0:待审核1:审核通过2:审核不通过)', 1, 1438051510, 0),
(383, 135, 'city', '城市', 0, 1438062217, 0),
(384, 131, 'id', '', 0, 1438157065, 0),
(385, 131, 'role', '', 1, 1438157071, 0),
(386, 130, 'role', '', 1, 1438157083, 0),
(387, 136, 'order_id', '订单ID', 0, 1438320471, 0),
(388, 137, 'city', '城市', 0, 1438326639, 0),
(389, 137, 'shop_id', '店铺ID', 0, 1438326696, 0),
(390, 137, 'status', '审核状态(0:待审核1:审核通过2:审核不通过)', 0, 1438327580, 0),
(391, 138, 'order_id', '订单id', 0, 1438585183, 1),
(392, 138, 'status', '3、确认收货4、拒绝收货', 0, 1438585260, 0),
(393, 138, 'partner_id', '配销商ID', 0, 1438585284, 1),
(394, 138, 'city', '城市', 0, 1438586093, 0),
(395, 112, '', '店铺ID', 0, 1438743922, 1),
(396, 97, 'tag', '标签 1:快餐/食堂 2:普通餐馆 3:高档酒楼', 1, 1438754533, 0),
(397, 79, 'remark', '用户备注', 1, 1438770098, 0),
(398, 138, 'subcontract', '分单号', 0, 1438774570, 0),
(399, 110, 'is_default', '设为默认（0为不设 1为默认店铺）', 1, 1438841897, 1),
(400, 141, 'shop_id', '店铺ID', 0, 1438849943, 0),
(401, 141, 'city', '城市', 0, 1438849967, 0),
(402, 141, 'is_default', '是否获取默认', 1, 1438852007, 1),
(403, 118, 'is_default', '是否设置默认', 1, 1438852679, 1),
(404, 142, 'type', ' type=0 返回全部   type = 1 返回充值  type=2 返回扣款(资金冻结和实际扣款)', 0, 1438921367, 0),
(405, 142, '', '需登录', 0, 1438921409, 1),
(406, 142, 'limit', '每页显示条数', 0, 1438930298, 0),
(407, 142, 'offset', '分页起始值', 0, 1438930315, 0),
(408, 143, 'access_token', '', 0, 1438930422, 1),
(409, 143, 'access_token', '存取令牌', 0, 1438930449, 1),
(410, 143, 'limit', '每页条数', 1, 1438930469, 0),
(411, 143, 'offset', '偏移量', 1, 1438930503, 0),
(412, 144, 'city', '城市', 0, 1439188670, 0),
(413, 144, 'subcontract', '订单分组号', 0, 1439188955, 0),
(414, 144, 'usetime_score', '配送时间评分', 0, 1439189044, 0),
(415, 144, 'quality_score', '菜品质量评分', 0, 1439189071, 0),
(416, 144, 'attitude_score', '服务态度评分', 0, 1439189096, 1),
(417, 144, 'attitude_score', '服务态度评分', 0, 1439189141, 0),
(418, 145, 'city', '城市', 0, 1439193460, 0),
(419, 145, 'subcontract', '订单分组号', 0, 1439193482, 0),
(420, 147, 'city', '城市', 0, 1439366273, 0),
(421, 147, 'subcontract', '订单批次号', 0, 1439366290, 0),
(422, 147, 'dispute_amount', '争议金额', 0, 1439368160, 0),
(423, 147, 'message', '争议内容', 0, 1439368194, 0),
(424, 147, 'type', '发起类型', 1, 1439370508, 1),
(425, 123, 'position', '职位', 1, 1439435383, 0),
(426, 123, 'address', '地址', 1, 1439435413, 0),
(427, 147, 'money', '订单金额', 0, 1439517764, 1),
(428, 142, 'city', '城市', 0, 1439802509, 0),
(429, 148, 'city', '城市', 0, 1440043168, 0),
(430, 148, 'subcontract', '分组号', 0, 1440043189, 0),
(431, 149, 'city', '城市', 0, 1440057192, 0),
(432, 149, 'subcontract', '分组号', 0, 1440057210, 1),
(433, 150, 'subcontract', '分组号', 0, 1440060757, 1),
(434, 150, 'partner_id', '配销商ID', 0, 1440060777, 1),
(435, 150, 'dispute_amount', '争议金额', 0, 1440060804, 1),
(436, 150, 'message', '争议内容', 0, 1440060820, 1),
(437, 152, 'city', '城市', 0, 1440490123, 0),
(438, 152, 'order_detail', '订单内容', 0, 1440490141, 1),
(439, 152, 'order_id', '订单 id', 0, 1440501257, 0),
(440, 153, 'parent_id', '父级分类ID', 0, 1440571271, 0),
(441, 156, 'access_token', '存取令牌', 0, 1440571778, 1),
(442, 156, 'limit', '每页条数', 1, 1440571820, 0),
(443, 156, 'offset', '偏移量', 1, 1440571837, 0),
(444, 157, 'order_id', '订单ID', 0, 1440572373, 0),
(445, 158, 'attitude_score', '服务态度评分', 0, 1440572415, 0),
(446, 158, 'quality_score', '菜品质量评分', 0, 1440572430, 0),
(447, 158, 'subcontract', '订单分组号', 0, 1440572456, 0),
(448, 158, 'usetime_score', '配送时间评分', 0, 1440572466, 0),
(449, 159, 'order_id', '订单ID', 0, 1440572499, 0),
(450, 160, 'limit', '每页显示条数', 0, 1440572531, 0),
(451, 160, 'offset', '分页起始值', 0, 1440572549, 0),
(452, 160, 'shop_id', '店铺ID', 1, 1440572568, 1),
(453, 160, 'status', '状态0待处理1处理中2已收货3已取消', 1, 1440572590, 0),
(454, 161, 'subcontract', '订单分组号', 0, 1440572622, 0),
(455, 162, 'status', '3、确认收货4、拒绝收货', 0, 1440572664, 0),
(456, 163, 'dispute_amount', '争议金额', 0, 1440572692, 0),
(457, 163, 'message', '争议内容', 0, 1440572724, 0),
(458, 163, 'partner_id', '配销商ID', 0, 1440572746, 1),
(459, 163, 'subcontract', '分组号', 0, 1440572761, 0),
(460, 164, 'subcontract', '分组号', 0, 1440572815, 0),
(461, 165, 'order_detail', 'json格式如[{"sku_id":1,"buy_number":1},{"sku_id":187,"buy_number":4},{"sku_id":0,"sku_name":"xxxx","unit_price":10,"unit_id":40,"category_id":"1","buy_number":1,"user_remark":"bbbb"}]', 0, 1440573091, 0),
(462, 165, 'pay_type', '支付方式1、货到付款2、余额支付', 0, 1440573148, 0),
(463, 165, 'remark', '用户备注', 1, 1440573174, 0),
(464, 165, 'shop_id', '店铺ID', 0, 1440573192, 1),
(465, 166, 'id', '争议id', 0, 1440573251, 0),
(466, 167, 'order_id', '订单ID', 0, 1440573372, 0),
(467, 167, 'dispute_amount', '争议金额', 0, 1440573457, 1),
(468, 168, 'dispute_amount', '争议金额', 0, 1440573491, 0),
(469, 168, 'message', '争议内容', 0, 1440573512, 0),
(470, 168, 'money', '订单金额', 0, 1440573524, 1),
(471, 168, 'subcontract', '订单批次号', 0, 1440573541, 0),
(472, 169, 'shop_id', '店铺ID', 0, 1440574172, 0),
(473, 170, 'shop_id', '店铺ID', 0, 1440574198, 0),
(474, 170, 'status', '审核状态(0:待审核1:审核通过2:审核不通过)', 0, 1440574211, 0),
(475, 171, 'address', '收货地址', 0, 1440574340, 0),
(476, 171, 'best_time', '最佳时间(例：7:00-12:00,中间用 - 隔开)', 0, 1440574410, 0),
(477, 171, 'contact_mobile', '联系电话', 0, 1440574459, 0),
(478, 171, 'contact_name', '联系人', 0, 1440574496, 0),
(479, 171, 'is_default', '设为默认（0为不设 1为默认店铺）', 1, 1440574526, 0),
(480, 171, 'name', '店铺名称', 0, 1440574550, 0),
(481, 172, 'is_default', '是否设置默认', 1, 1440574782, 0),
(482, 172, 'status', '审核状态(0:待审核1:审核通过2:审核不通过)', 1, 1440574803, 0),
(483, 173, 'shop_id', '店铺ID', 0, 1440574852, 0),
(484, 174, 'address', '地址', 1, 1440575051, 1),
(485, 174, 'best_time', '最佳时间(例：7:00-12:00)', 1, 1440575238, 1),
(486, 174, 'contact_mobile', '联系电话', 1, 1440575265, 0),
(487, 174, 'contact_name', '联系人', 1, 1440575283, 0),
(488, 174, 'name', '店铺名称', 1, 1440575313, 0),
(489, 174, 'shop_id', '店铺ID', 0, 1440575326, 0),
(490, 174, 'address', '地址', 1, 1440575378, 0),
(491, 174, 'best_time', '最佳时间(例：7:00-12:00)', 1, 1440575397, 0),
(492, 176, 'limit', '记录条数', 0, 1440575827, 0),
(493, 176, 'offset', '开始位置', 0, 1440575839, 0),
(494, 114, 'sku_id', '商品ID', 0, 1440575887, 1),
(495, 177, 'sku_id', '商品ID', 0, 1440575911, 0),
(496, 177, 'limit', '条数', 0, 1440575980, 1),
(497, 177, 'name', '关键字', 0, 1440575992, 1),
(498, 177, 'offset', '开始', 0, 1440576006, 1),
(499, 178, 'limit', '条数', 0, 1440576067, 0),
(500, 178, 'name', '关键字', 0, 1440576079, 0),
(501, 178, 'offset', '开始', 0, 1440576091, 0),
(502, 179, 'limit', '条数', 0, 1440576132, 0),
(503, 179, 'offset', '开始条数', 0, 1440576142, 0),
(504, 180, 'category_id', '二级分类ID', 1, 1440576190, 0),
(505, 180, 'discount_price', '打折:1 不打折:0', 1, 1440576303, 1),
(506, 180, 'hot', '热销', 1, 1440576321, 1),
(507, 180, 'limit', '获取记录数', 0, 1440576336, 0),
(508, 180, 'new', '新品', 1, 1440576362, 1),
(509, 180, 'offset', '开始条数', 0, 1440576756, 0),
(510, 180, 'tag', '标签 1:快餐/食堂 2:普通餐馆 3:高档酒楼', 1, 1440576780, 1),
(511, 181, 'id', '收藏id', 0, 1440576806, 0),
(512, 182, 'id', '商品ID', 0, 1440576856, 0),
(513, 171, 'area_id', '地区', 0, 1440642993, 0),
(514, 174, 'area_id', '地区', 0, 1440643062, 0),
(515, 185, 'device_token', '描述：设备号', 0, 1440659434, 0),
(516, 185, 'device_type', '描述：设备类型（ios,andriod,winphone)', 0, 1440659450, 0),
(517, 185, 'mobile', '登入名', 0, 1440659465, 0),
(518, 185, 'pwd', '密码', 0, 1440659478, 0),
(519, 187, 'limit', '每页显示条数', 0, 1440659508, 0),
(520, 187, 'offset', '分页起始值', 0, 1440659521, 0),
(521, 187, 'type', 'type=0 返回全部 type = 1 返回充值 type=2 返回扣款(资金冻结和实际扣款)', 0, 1440659537, 0),
(522, 188, 'address', '地址', 1, 1440659601, 0),
(523, 188, 'position', '职位', 1, 1440659615, 0),
(524, 188, 'real_name', '账户名', 1, 1440659628, 0),
(525, 188, 'sex', '性别', 1, 1440659643, 0),
(526, 189, 'mobile', '手机号码', 0, 1440659696, 0),
(527, 189, 'send_type', ' 2. 重置密码', 0, 1440659709, 0),
(528, 190, 'confirm_pwd', '确认新密码【密码长度为6位到20位之间】', 0, 1440659805, 0),
(529, 190, 'new_pwd', '新密码【密码长度为6位到20位之间】', 0, 1440659818, 0),
(530, 190, 'pwd', '原始密码【密码长度为6位到20位之间】', 0, 1440659831, 0),
(531, 191, 'category_id', '分类id', 0, 1441093524, 0),
(532, 176, 'shop_id', '店铺ID', 0, 1441166146, 1),
(533, 178, 'shop_id', '店铺Id', 0, 1441166171, 1),
(534, 179, 'shop_id', '店铺Id', 0, 1441166219, 1),
(535, 180, 'shop_id', '店铺ID', 0, 1441166239, 1),
(536, 182, 'shop_id', '店铺Id', 0, 1441166262, 1),
(537, 175, 'shop_id', '店铺Id', 0, 1441533820, 1),
(538, 193, 'pwd', '密码', 0, 1441620576, 0),
(539, 194, 'recharge_sn', '流水号', 1, 1441693831, 0),
(540, 194, 'type', '充值类型（0--支付宝充值，1--银行转账 ,2微信支付，3支付宝支付  默认 1）', 1, 1441693964, 0),
(541, 194, 'amount', '充值金额', 0, 1441693993, 0),
(542, 194, 'remark', '备注', 1, 1441694022, 0),
(543, 195, 'type', '充值类型（0--支付宝充值，2--银行转账 默认 1）', 1, 1441694166, 0),
(544, 195, 'status', '状态', 1, 1441694213, 0),
(545, 194, 'city', '城市', 0, 1441697311, 0),
(546, 195, 'limit', '条数', 0, 1441700067, 0),
(547, 195, 'offset', '开始', 0, 1441700076, 0),
(548, 197, 'limit', '条数', 0, 1441700526, 0),
(549, 197, 'offset', '开始', 0, 1441700545, 0),
(550, 197, 'status', '状态', 1, 1441700560, 0),
(551, 197, 'type', '充值类型（0--支付宝充值，2--银行转账 默认 1）', 1, 1441700576, 0),
(552, 196, 'amount', '充值金额', 0, 1441703398, 0),
(553, 196, 'recharge_sn', '流水号', 1, 1441703428, 0),
(554, 196, 'remark', '备注', 1, 1441703441, 0),
(555, 196, 'type', '充值类型（0--支付宝充值，1--银行转账 默认 1）', 1, 1441703458, 0),
(556, 201, 'device_token', '描述：设备号', 0, 1441770840, 0),
(557, 185, 'device_type', '描述：设备类型（ios,andriod,winphone)', 0, 1441770887, 1),
(558, 201, 'device_type', '描述：设备类型（ios,andriod,winphone)', 0, 1441770896, 0),
(559, 201, 'mobile', '登入名', 0, 1441770914, 0),
(560, 201, 'pwd', '密码', 0, 1441770927, 0),
(561, 198, 'mobile', '手机号码', 0, 1441770962, 0),
(562, 198, 'send_type', '2. 重置密码', 0, 1441771016, 1),
(563, 202, 'confirm_pwd', '确认新密码【密码长度为6位到20位之间】', 0, 1441771322, 0),
(564, 202, 'new_pwd', '新密码【密码长度为6位到20位之间】', 0, 1441771361, 0),
(565, 202, 'pwd', '原始密码【密码长度为6位到20位之间】', 0, 1441771374, 0),
(566, 201, 'city', '城市', 0, 1441781300, 1),
(567, 203, 'city', '城市', 0, 1441782521, 1),
(568, 203, 'parent_id', '父级分类ID', 0, 1441782560, 0),
(569, 204, 'city', '城市', 0, 1441782582, 1),
(570, 205, 'category_id', '二级分类ID', 1, 1441796037, 0),
(571, 205, 'city', '拼音 例：beijing', 0, 1441796050, 1),
(572, 205, 'offset', '开始条数', 0, 1441796069, 0),
(573, 205, 'limit', '获取记录数', 0, 1441796084, 0),
(574, 205, 'id', '商品ID', 0, 1441796513, 1),
(575, 206, 'id', '商品ID', 0, 1441796556, 0),
(576, 207, 'price', '商品数组序列化（key为店铺id,val为商品价格）', 0, 1441796730, 0),
(577, 207, 'id', '商品id', 0, 1441796741, 0),
(578, 212, 'ids', '商品id', 0, 1441961338, 0),
(579, 212, 'shop_id', '商品id', 0, 1441961368, 0),
(580, 97, 'category_id', '二级分类ID', 1, 1441963097, 0),
(581, 180, 'parent_category_id', '一级分类ID', 0, 1442126828, 0),
(582, 178, 'parent_category_id', '一级分类ID', 1, 1442126924, 0),
(583, 178, 'category_id', '二级分类ID', 1, 1442126940, 0),
(584, 205, 'parent_category_id', '一级分类ID', 1, 1442128303, 0),
(585, 213, 'name', '商品名称', 0, 1442129009, 1),
(586, 213, 'spec', '商品规格', 0, 1442129075, 1),
(587, 213, 'remark', '商品备注', 0, 1442129153, 1),
(588, 213, 'category_id', '一级分类', 0, 1442129182, 1),
(589, 213, 'parent_category_id', '二级分类', 0, 1442129198, 1),
(590, 213, 'params', '参数', 0, 1442129243, 0),
(591, 213, 'content', '商品简介', 0, 1442129411, 1),
(592, 213, 'unit_id', '显示单位', 0, 1442129458, 1),
(593, 213, 'measure_id', '计量单位', 0, 1442129495, 1),
(594, 213, 'unit_number', '计量单位数值', 0, 1442129541, 1),
(595, 214, 'name', '商品名称', 0, 1442129949, 1),
(596, 214, 'category_id', '二级分类', 0, 1442129967, 1),
(597, 214, 'content', '商品简介', 0, 1442130003, 1),
(598, 214, 'measure_id', '计量单位', 0, 1442130022, 1),
(599, 214, 'parent_category_id', '一级分类', 0, 1442130108, 1),
(600, 214, 'remark', '商品备注', 0, 1442130121, 1),
(601, 214, 'spec', '商品规格', 0, 1442130134, 1),
(602, 214, 'unit_id', '显示单位', 0, 1442130150, 1),
(603, 214, 'unit_number', '计量单位数值', 0, 1442130196, 1),
(604, 214, 'pic_url', '图片地址', 1, 1442130208, 0),
(605, 215, 'ids', '导入商品id（例如：1,2,3,4,5）', 0, 1442131684, 0),
(606, 216, 'search', '商品名称', 0, 1442132907, 0),
(607, 218, 'amount', '提现金额', 0, 1442212853, 0),
(608, 219, 'limit', '获取记录数', 0, 1442213242, 0),
(609, 219, 'offset', '获取条数', 0, 1442213255, 0),
(610, 220, 'id', '商品id', 0, 1442217911, 0),
(611, 216, 'limit', '开始条数', 0, 1442300799, 0),
(612, 216, 'offset', '开始位置', 0, 1442300815, 0),
(613, 214, 'id', '商品id', 0, 1442303177, 1),
(614, 221, 'address', '收货地址', 0, 1442304559, 0),
(615, 221, 'area_id', '地区', 0, 1442304581, 1),
(616, 221, 'best_time', '最佳时间(例：7:00-12:00,中间用 - 隔开)', 1, 1442304594, 0),
(617, 221, 'city', '城市', 0, 1442304606, 1),
(618, 221, 'contact_mobile', '联系电话', 0, 1442304618, 0),
(619, 221, 'contact_name', '联系人', 0, 1442304629, 0),
(620, 221, 'name', '店铺名称', 0, 1442304642, 0),
(621, 222, 'type', '类型  （1--新订单，2--已接单 ，3--已发货 ，4--已完成）', 0, 1442306074, 0),
(622, 222, 'limit', '显示条数', 0, 1442306428, 0),
(623, 222, 'offset', '开始位置', 0, 1442306445, 0),
(624, 223, 'order_id', '订单id', 0, 1442308387, 1),
(625, 224, 'shop_id', '店铺id', 0, 1442310369, 0),
(626, 215, 'category_id', '二级分类id', 0, 1442375171, 0),
(627, 215, 'parent_category_id', '一级分类id', 0, 1442375206, 0),
(628, 226, 'shop_id', '店铺id', 0, 1442469020, 0),
(629, 226, 'price', '数组（array(''商品id''=>''价格'')）', 0, 1442469081, 0),
(630, 227, 'shop_id', '店铺id', 0, 1442469282, 0),
(631, 227, 'address', '地址', 0, 1442469505, 0),
(632, 227, 'best_time', '最佳送货时间', 0, 1442469526, 0),
(633, 227, 'contact_name', '联系人名称', 0, 1442469551, 0),
(634, 227, 'contact_mobile', '联系人电话', 0, 1442469571, 0),
(635, 228, 'shop_id', '店铺id', 0, 1442470134, 0),
(636, 228, 'limit', '显示条数', 0, 1442470152, 0),
(637, 228, 'offset', '开始位置', 0, 1442470168, 0),
(638, 229, 'shop_id', '店铺id', 0, 1442470295, 0),
(639, 231, 'limit', '显示条数', 0, 1442473121, 1),
(640, 231, 'offset', '开始位置', 0, 1442473133, 1),
(641, 231, 'category_id', '二级分类', 1, 1442473153, 0),
(642, 231, 'parent_category_id', '一级分类', 0, 1442473167, 1),
(643, 231, 'type', '1--显示今日采购单  2-- 昨日采购单', 0, 1442473751, 1),
(644, 232, 'limit', '显示条数', 0, 1442474930, 0),
(645, 232, 'offset', '开始位置', 0, 1442474944, 0),
(646, 232, 'status', '状态', 0, 1442474958, 0),
(647, 207, 'shop_id', '店铺id', 0, 1442481815, 1),
(648, 233, 'subcontract', '分单号（1,2,3,4）', 0, 1442560420, 0),
(649, 233, 'status', '状态(''0待确认,1确认,2发货,3确认收货,4拒绝收货,5系统确认收货  6 已取消 7 货到付款已到账'',,)', 0, 1442560435, 0),
(650, 234, 'limit', '显示条数', 0, 1442561618, 0),
(651, 234, 'offset', '开始位置', 0, 1442561632, 0),
(652, 234, 'search', '订单号', 0, 1442561644, 0),
(653, 162, 'subcontract', '分单号', 0, 1442562094, 0),
(654, 221, 'type', '1', 0, 1442563272, 0),
(655, 235, 'shop_id', '店铺id', 0, 1442804804, 0),
(656, 235, 'order_remark', '订单备注', 0, 1442804851, 1),
(657, 235, 'price', '价格数组（[{"buy_number":"1","unit_price":"5.99","remark":"商品备注"，"id":1084}]）', 0, 1442805023, 0),
(658, 235, 'number', '购买数量（数组，key=商品id,val=购买数量）', 0, 1442805054, 1),
(659, 235, 'remark', '商品备注（数组，key=商品id,val=备注）', 0, 1442805355, 1),
(660, 236, 'shop_id', '店铺id', 0, 1442807370, 0),
(661, 236, 'id', '分单id', 0, 1442807398, 0),
(662, 236, 'order_remark', '订单备注', 0, 1442807406, 0),
(663, 236, 'order_detail', 'json格式如[{"sku_id":1,"buy_number":1},{"sku_id":187,"buy_number":4}]', 0, 1442807444, 0),
(664, 236, 'number', '购买数量数组', 0, 1442807533, 1),
(665, 236, 'remark', '商品备注数组', 0, 1442807555, 1),
(666, 224, 'limit', '显示条数', 0, 1442822654, 0),
(667, 224, 'offset', '开始位置', 0, 1442822667, 0),
(668, 224, 'category_id', '二级分类', 1, 1442822688, 0),
(669, 224, 'parent_category_id', '一级分类', 1, 1442822712, 0),
(670, 237, 'limit', '显示条数', 0, 1442823889, 0),
(671, 237, 'offset', '开始位置', 0, 1442823901, 0),
(672, 237, 'search', '搜索关键词', 0, 1442823914, 0),
(673, 238, 'subcontract', '分单号', 0, 1442888369, 0),
(674, 238, 'discount', '打折', 0, 1442888399, 0),
(675, 239, 'sku_id', '商品id', 0, 1442906398, 0),
(676, 240, 'subcontract', '分单号', 0, 1442913869, 0),
(677, 240, 'discount', '打折价', 0, 1442913883, 0),
(678, 241, 'limit', '显示条数', 0, 1442916447, 0),
(679, 241, 'offset', '开始位置', 0, 1442916459, 0),
(680, 225, 'limit', '显示条数', 0, 1442923657, 0),
(681, 225, 'offset', '开始位置', 0, 1442923669, 0),
(682, 239, 'limit', '显示条数', 0, 1442924278, 0),
(683, 239, 'offset', '开始位置', 0, 1442924312, 0),
(684, 213, 'pic_url', '', 0, 1442975139, 1),
(685, 244, 'subcontract', '分单号', 0, 1443067434, 0),
(686, 244, 'sku_id', '商品id', 0, 1443067467, 0),
(687, 245, 'id', '', 0, 1443070953, 0),
(688, 245, 'number', '更改数量', 1, 1443070984, 0),
(689, 245, 'unit_price', '价格', 1, 1443071012, 0),
(690, 246, 'pic_url', '图片地址', 1, 1443075917, 0),
(691, 246, 'id', '商品id', 0, 1443076357, 1),
(692, 247, 'id', '商品id', 0, 1443076612, 0),
(693, 248, 'limit', '显示条数', 0, 1443076683, 0),
(694, 248, 'offset', '开始位置', 0, 1443076699, 0),
(695, 248, 'category_id', '二级分类id', 1, 1443076724, 0),
(696, 248, 'parent_category_id', '一级分类id', 1, 1443076755, 0),
(697, 249, 'id', '商品id', 0, 1443077168, 0),
(698, 250, 'id', '商品id', 0, 1443077260, 0),
(699, 250, 'price', '价格json', 0, 1443077292, 0),
(700, 251, 'ids', '字符串（1,2,3,4）', 0, 1443077390, 0),
(701, 252, 'search', '搜索字段', 0, 1443077450, 0),
(702, 252, 'limit', '显示条数', 0, 1443077480, 0),
(703, 214, 'id', '商品id', 0, 1443077538, 0),
(704, 252, 'offset', '开始位置', 0, 1443077577, 0),
(705, 253, 'shop_id', '店铺id', 0, 1443077873, 1),
(706, 253, 'limit', '显示条数', 0, 1443077911, 1),
(707, 253, 'offset', '开始位置', 0, 1443077932, 1),
(708, 253, 'category_id', '二级分类id', 1, 1443077950, 1),
(709, 253, 'parent_category_id', '一级分类id', 1, 1443077972, 1),
(710, 254, 'sku_id', '商品id', 0, 1443078156, 0),
(711, 254, 'limit', '显示条数', 0, 1443078187, 0),
(712, 254, 'offset', '开始位置', 0, 1443078202, 0),
(713, 256, 'category_id', '二级分类id', 1, 1443083283, 0),
(714, 256, 'parent_category_id', '一级分类id', 1, 1443083308, 0),
(715, 257, 'subcontract', '分单号', 0, 1443090228, 0),
(716, 257, 'limit', '显示条数', 0, 1443090244, 0),
(717, 245, 'subcontract', '分单号', 0, 1443096752, 0),
(718, 257, 'type', '类型', 0, 1443145406, 0),
(719, 223, 'subcontract', '分单号', 0, 1443168567, 0),
(720, 259, 'search', '关键词', 0, 1443425526, 0),
(721, 260, 'limit', '显示条数', 0, 1443429197, 0),
(722, 260, 'offset', '开始位置', 0, 1443429213, 0),
(723, 261, 'name', '采购单名称', 0, 1443435734, 0),
(724, 263, 'id', '采购id', 0, 1443503535, 0),
(725, 264, 'shop_id', '店铺id', 0, 1443510649, 0),
(726, 264, 'price', '价格（{"商品id":"价格"}）', 0, 1443510740, 0),
(727, 264, 'order_remark', '备注', 0, 1443510763, 0),
(728, 264, 'order_id', '订单id', 0, 1443510776, 0),
(729, 264, 'number', '数量（{"商品id":"数量"}）', 0, 1443510806, 0),
(730, 264, 'remark', '备注（{"商品id":"备注"}）', 0, 1443510847, 0),
(731, 265, 'limit', '显示条数', 0, 1443511707, 0),
(732, 265, 'offset', '开始位置', 0, 1443511722, 0),
(733, 235, 'order_remark', '订单备注', 0, 1443512151, 0),
(734, 246, 'name', '商品名称', 0, 1443514397, 0),
(735, 246, 'category_id', '二级分类id', 0, 1443514418, 0),
(736, 246, 'parent_category_id', '一级分类id', 0, 1443514436, 0),
(737, 246, 'content', '内容', 1, 1443514483, 0),
(738, 246, 'unit_id', '展示单位', 0, 1443514521, 0),
(739, 246, 'unit_price', '显示单价', 0, 1443514570, 0),
(740, 246, 'unit_number', '计量单位数值', 1, 1443514598, 0),
(741, 246, 'spec', '规格', 0, 1443514648, 0),
(742, 246, 'measure_id', '单位数', 1, 1443514668, 0),
(743, 214, 'category_id', '二级分类id', 1, 1443516940, 0),
(744, 214, 'content', '内容', 1, 1443517972, 0),
(745, 214, 'measure_id', '单位数', 1, 1443517995, 0),
(746, 214, 'parent_category_id', '一级分类id', 1, 1443518020, 0),
(747, 214, 'name', '名称', 1, 1443518035, 0),
(748, 214, 'spec', '规格', 1, 1443518075, 0),
(749, 214, 'unit_id', '展示单位', 1, 1443518085, 0),
(750, 214, 'unit_number', '计量单位数值', 1, 1443518102, 0),
(751, 214, 'unit_price', '显示单价', 1, 1443518114, 0),
(752, 247, 'is_del', '1---下架  0--下架', 0, 1443522553, 0),
(753, 214, 'remark', '备注', 1, 1443577571, 0),
(754, 266, 'limit', '显示条数', 0, 1443578328, 0),
(755, 266, 'offset', '开始位置', 0, 1443578346, 0),
(756, 234, 'type', '订单状态', 0, 1443602022, 1),
(757, 234, '', '', 0, 1443602026, 1),
(758, 227, 'name', '店铺名称', 0, 1444290977, 0),
(759, 267, 'subcontract', '批次号', 0, 1444294744, 0),
(760, 267, 'pic', '多张逗号分隔', 0, 1444294778, 0),
(761, 263, 'category_id', '分类id', 0, 1444616425, 0),
(762, 268, 'id', '采购单id', 0, 1444629224, 0),
(763, 269, 'shop_id', '店铺id', 0, 1444630714, 0),
(764, 269, 'price', '价格', 0, 1444630981, 0),
(765, 270, 'shop_id', '客户id', 0, 1444639340, 0),
(766, 271, 'category_id', '二级分类id', 1, 1444640083, 0),
(767, 271, 'parent_category_id', '一级分类id', 1, 1444640317, 0),
(768, 271, 'shop_id', '店铺id', 0, 1444640401, 0),
(769, 271, 'offset', '开始位置', 0, 1444640454, 0),
(770, 271, 'limit', '显示条数', 0, 1444640490, 0),
(771, 272, 'search', '搜索名称', 0, 1444640856, 0),
(772, 272, 'category_id', '二级分类id', 1, 1444640917, 0),
(773, 272, 'parent_category_id', '一级分类id', 1, 1444640937, 0),
(774, 272, 'shop_id', '店铺id', 0, 1444640971, 0),
(775, 272, 'offset', '开始位置', 0, 1444640987, 0),
(776, 272, 'limit', '显示条数', 0, 1444641002, 0),
(777, 269, 'sku_id', '商品id', 0, 1444641868, 0),
(778, 276, 'city', '城市', 0, 1444717526, 1),
(779, 276, 'dispute_amount', '争议金额', 0, 1444717553, 0),
(780, 276, 'message', '争议内容', 0, 1444717569, 0),
(781, 276, 'money', '订单金额', 0, 1444717581, 0),
(782, 276, 'subcontract', '订单批次号', 0, 1444717597, 0),
(783, 276, 'f_money', '首次争议金额', 1, 1444788633, 0),
(784, 147, 'f_money', '首次金额', 1, 1444788667, 1),
(785, 168, 'f_money', '首次金额', 1, 1444788741, 1),
(786, 149, 'id', '争议ID', 0, 1444792031, 0),
(787, 278, 'order_id', '订单id', 0, 1444795643, 0),
(788, 278, 'shop_id', '店铺id', 0, 1444795700, 1),
(789, 279, 'order_id', '订单id', 0, 1444797796, 0),
(790, 275, 'id', '争议ID', 0, 1444808242, 0),
(791, 273, 'dispute_amount', '争议金额', 0, 1444808293, 0),
(792, 273, 'message', '争议内容', 0, 1444808305, 0),
(793, 273, 'subcontract', '分组号', 0, 1444808316, 0),
(794, 274, 'subcontract', '分组号', 0, 1444808354, 0),
(795, 279, 'city', '城市', 0, 1444877930, 0),
(796, 280, 'id', '争议id', 0, 1445235840, 0),
(797, 281, 'subcontract', '分单号', 0, 1445237554, 0),
(798, 282, 'id', '争议id', 0, 1445237645, 0),
(799, 283, 'subcontract', '分单号', 0, 1445237790, 0),
(800, 283, 'dispute_amount', '争议金额', 0, 1445237821, 0),
(801, 283, 'message', '拒绝消息', 0, 1445237843, 0),
(802, 284, 'city', '城市', 0, 1445312314, 0),
(803, 284, 'subcontract', '订单批次号', 0, 1445312339, 0),
(804, 285, 'subcontract', '订单批次号', 0, 1445322694, 0),
(805, 286, 'subcontract', '订单批次号', 0, 1445322869, 0),
(806, 273, 'p_price', '订单批次金额', 0, 1445399049, 0),
(807, 262, 'start', '开始时间', 1, 1445405321, 0),
(808, 262, 'end', '结束时间', 1, 1445405333, 0),
(809, 273, 'id', '上次数据ID', 0, 1445409635, 0),
(810, 199, 'ver', '版本号', 0, 1445409849, 0),
(811, 150, 'id', '上次数据ID', 0, 1445410351, 1),
(812, 150, 'p_price', '订单批次金额', 0, 1445410374, 1),
(813, 163, 'id', '上次数据ID', 0, 1445410424, 0),
(814, 163, 'p_price', '订单批次金额', 0, 1445410440, 1),
(815, 198, 'send_type', '1--发送验证码', 0, 1445411075, 0),
(816, 150, 'id', '上次数据ID', 0, 1445485348, 0),
(817, 150, 'subcontract', '批次号', 0, 1445485373, 0),
(818, 150, 'message', '拒绝理由', 0, 1445485387, 0),
(819, 150, 'p_price', '批次总金额', 0, 1445485409, 1),
(820, 150, 'dispute_amount', '争议金额', 0, 1445485434, 0),
(821, 150, 'city', '城市', 0, 1445572418, 0),
(822, 281, 'city', '城市', 0, 1445572499, 0),
(823, 256, 'city', '城市', 1, 1445594326, 1),
(824, 287, 'offset', '开始位置', 0, 1445853027, 0),
(825, 287, 'limit', '显示条数', 0, 1445853086, 0),
(826, 288, 'limit', '显示条数', 0, 1445853734, 0),
(827, 288, 'offset', '开始位置', 0, 1445853755, 0),
(828, 163, 'city', '城市', 0, 1445911016, 1),
(829, 164, 'city', '城市', 0, 1445911028, 1),
(830, 166, 'city', '城市', 0, 1445911048, 1),
(831, 286, 'city', '城市', 0, 1445911071, 1),
(832, 168, 'city', '城市', 0, 1445911085, 1),
(833, 253, 'shop_id', '店铺id', 0, 1445929103, 0),
(834, 289, 'type', '0不合单，1合单', 0, 1445999822, 0),
(835, 290, 'type', '0不合单，1合单', 0, 1446000048, 0),
(836, 201, 'city', '城市', 1, 1446088190, 1),
(837, 293, 'id', '采购单id', 0, 1446530934, 0),
(838, 294, 'name', '商品名称', 0, 1446536499, 0),
(839, 295, 'mobile', '账号', 0, 1446554280, 0),
(840, 295, 'name', '用户名', 0, 1446554311, 0),
(841, 295, 'pwd', '密码', 0, 1446554330, 1),
(842, 296, 'user_id', '用户id', 0, 1446554859, 0),
(843, 296, 'mobile', '账户', 1, 1446554889, 0),
(844, 296, 'is_del', '1--停用   0--使用中', 1, 1446554959, 0),
(845, 296, 'new_pwd', '新密码', 1, 1446554985, 0),
(846, 298, 'user_id', '用户id', 0, 1446604393, 0),
(847, 296, 'confirm_pwd', '确认密码', 1, 1446611765, 0),
(848, 296, 'name', '姓名', 1, 1446612424, 0),
(849, 295, 'is_del', '状态', 0, 1446698309, 0),
(850, 295, 'confirm_pwd', '确认密码', 0, 1446708833, 0),
(851, 295, 'new_pwd', '新密码', 0, 1446708872, 0),
(852, 235, 'imei', 'imei号', 1, 1446723341, 1),
(853, 79, 'imei', 'imei号', 1, 1446723398, 0),
(854, 165, 'imei', 'imei号', 1, 1446723426, 0),
(855, 263, 'ver', '版本号', 0, 1447036513, 1),
(856, 223, 'ver', '版本号', 0, 1447036664, 0),
(857, 157, 'ver', '版本号', 0, 1447127347, 0),
(858, 157, 'deviceType', '设备类型', 0, 1447127392, 1),
(859, 295, 'role', '权限', 0, 1447147179, 0),
(860, 296, 'role', '权限', 0, 1447147218, 0),
(861, 300, 'name', '图片地址', 0, 1447213930, 0),
(862, 300, 'id', '分担id', 0, 1447220309, 0),
(863, 179, 'search', '关键词（全局）', 1, 1447835705, 1),
(864, 119, 'search', '关键词', 1, 1447839184, 1),
(865, 221, 'sale_id', '销售id', 0, 1448332390, 1),
(866, 227, 'sale_id', '销售id', 0, 1448332427, 1),
(867, 235, 'ids', '修改一客一价商品id(格式：1,2,3,4,5)', 1, 1448348983, 0),
(868, 4, 'sale_id', '销售代码', 0, 1448359167, 0),
(869, 301, 'limit', '显示条数', 0, 1448422363, 0),
(870, 301, 'offset', '开始位置', 0, 1448422377, 0),
(871, 302, 'limit', '显示条数', 0, 1448422426, 0),
(872, 302, 'offset', '开始位置', 0, 1448422437, 0),
(873, 302, 'search', '搜索关键词', 1, 1448422460, 0);
INSERT INTO `param_phone` (`id`, `api_id`, `name`, `intro`, `can_empty`, `ctime`, `is_delete`) VALUES
(874, 302, 'time', '搜索时间', 1, 1448422484, 1),
(875, 303, 'id', '日志id', 0, 1448423857, 0),
(876, 302, 'date', '搜索时间（格式：2015-11-11）', 1, 1448439605, 0),
(877, 235, 'imei', 'imei号', 0, 1448521787, 0),
(878, 140, 'city', '城市', 1, 1448938306, 0),
(879, 304, 'device', '设备（ios或android）', 0, 1448963107, 0),
(880, 304, 'platform', 'partner', 0, 1448964423, 0),
(881, 302, 'type', '1--操作账号，2--操作类型', 0, 1449044717, 0),
(882, 306, 'parent_id', '父及分类id', 0, 1449223595, 0),
(883, 246, 'origin', '产地', 0, 1449474052, 0),
(884, 246, 'remark', '卖点', 0, 1449474077, 0),
(885, 308, 'pic_url', '图片地址', 0, 1449628233, 0),
(886, 246, 'pics', '详情页多图，逗号分隔', 1, 1449628404, 0),
(887, 214, 'pics', '详情页多图，逗号分隔', 1, 1449629232, 0),
(888, 308, 'type', '类型（1--删除商品详情图片，2--删除缩略图）', 0, 1449630398, 0),
(889, 308, 'sku_id', '商品id', 0, 1449630548, 0),
(890, 311, 'sku_detail', '下单商品（[{"buy_number":4,"sku_id":"2423"}]）', 0, 1449657019, 0),
(891, 312, 'status', '状态（0 未使用  1已使用  2已过期 3 人工失效）', 1, 1449657190, 0),
(892, 312, 'offset', '开始位置', 0, 1449657198, 0),
(893, 312, 'limit', '显示条数', 0, 1449657247, 0),
(894, 313, 'pic_url', '图片', 0, 1449657602, 0),
(895, 310, 'type', '类型（1--删除缩略图，2--详情页图片）', 0, 1449657707, 1),
(896, 310, 'pic_url', '图片地址', 0, 1449657737, 0),
(897, 310, 'sku_id', '商品id', 0, 1449657747, 0),
(898, 311, 'city', '城市', 0, 1449658109, 0),
(899, 312, 'city', '城市', 0, 1449658136, 0),
(900, 315, 'city', '城市', 0, 1449802062, 0),
(901, 315, 'sku_detail', '下单商品（[{"buy_number":4,"sku_id":"2423"}]）', 0, 1449802077, 0),
(902, 79, '优惠券id', 'coupon_id', 1, 1449814959, 0),
(903, 211, 'limit', '显示条数', 0, 1450060867, 0),
(904, 211, 'offset', '开始位置', 0, 1450060883, 0),
(905, 316, '购物车商品（json格式）', 'sku_detail', 0, 1450688101, 1),
(906, 316, 'sku_detail', '购物车商品（json格式 例如：[{"id":"1156","name":"111","spec":"","category_id":"1","parent_category_id":"2","unit_price":"222","is_del":"1","discount_price":"0.00","measure_id":"0","unit_id":"0"}]）', 0, 1450688161, 0),
(907, 316, 'city', '城市', 0, 1450691160, 0),
(908, 317, 'search', '关键词', 1, 1450692293, 0),
(909, 317, 'city', '城市', 0, 1450692585, 0),
(910, 318, 'city', '城市', 0, 1450692605, 0),
(911, 319, 'sku_detail', '购物车商品（json格式 例如：[{"id":"1156","name":"111","spec":"","category_id":"1","parent_category_id":"2","unit_price":"222","is_del":"1","discount_price":"0.00","measure_id":"0","unit_id":"0"}]）', 0, 1450750331, 0),
(912, 320, 'keyword', '关键词', 0, 1450750549, 0),
(913, 320, 'city', '城市', 0, 1450750565, 0),
(914, 321, 'keyword', '关键词', 0, 1450750668, 0),
(915, 323, 'status', '审核状态(0:待审核1:审核通过2:审核不通过)', 1, 1450852082, 0),
(916, 324, 'address', '收货地址', 0, 1450852440, 0),
(917, 324, 'area_id', '地区', 1, 1450852503, 0),
(918, 324, 'best_time', '最佳时间(例：7:00-12:00,中间用 - 隔开)', 1, 1450852929, 0),
(919, 324, 'city', '城市', 0, 1450852952, 0),
(920, 324, 'contact_mobile', '联系电话', 0, 1450852968, 0),
(921, 324, 'contact_name', '联系人', 0, 1450852983, 0),
(922, 324, 'name', '店铺名称', 0, 1450852999, 0),
(923, 325, 'address', '地址', 1, 1450853081, 0),
(924, 325, 'area_id', '地区', 1, 1450853102, 0),
(925, 325, 'best_time', '最佳时间(例：7:00-12:00)', 1, 1450853120, 0),
(926, 325, 'contact_mobile', '联系电话', 1, 1450853178, 0),
(927, 325, 'contact_name', '联系人', 1, 1450853196, 0),
(928, 325, 'name', '店铺名称', 1, 1450853216, 0),
(929, 325, 'shop_id', '店铺ID', 0, 1450853231, 0),
(930, 266, 'search', '关键词', 1, 1450923929, 0),
(931, 322, 'id', '历史搜索记录id（有值得时候为单个删除，如要全部删除不传）', 1, 1450938979, 0),
(932, 318, 'id', '历史搜索记录id（有值得时候为单个删除，如要全部删除不传）', 1, 1450939052, 0),
(933, 319, 'shop_id', '店铺id', 0, 1451012725, 1),
(934, 265, 'search', '店铺搜索', 1, 1451984285, 0);
